-- MariaDB dump 10.19  Distrib 10.6.5-MariaDB, for debian-linux-gnu (x86_64)
--
-- Host: localhost    Database: challympic
-- ------------------------------------------------------
-- Server version	10.6.5-MariaDB-1:10.6.5+maria~focal

/*!40101 SET @OLD_CHARACTER_SET_CLIENT=@@CHARACTER_SET_CLIENT */;
/*!40101 SET @OLD_CHARACTER_SET_RESULTS=@@CHARACTER_SET_RESULTS */;
/*!40101 SET @OLD_COLLATION_CONNECTION=@@COLLATION_CONNECTION */;
/*!40101 SET NAMES utf8mb4 */;
/*!40103 SET @OLD_TIME_ZONE=@@TIME_ZONE */;
/*!40103 SET TIME_ZONE='+00:00' */;
/*!40014 SET @OLD_UNIQUE_CHECKS=@@UNIQUE_CHECKS, UNIQUE_CHECKS=0 */;
/*!40014 SET @OLD_FOREIGN_KEY_CHECKS=@@FOREIGN_KEY_CHECKS, FOREIGN_KEY_CHECKS=0 */;
/*!40101 SET @OLD_SQL_MODE=@@SQL_MODE, SQL_MODE='NO_AUTO_VALUE_ON_ZERO' */;
/*!40111 SET @OLD_SQL_NOTES=@@SQL_NOTES, SQL_NOTES=0 */;

--
-- Table structure for table `activity`
--

DROP TABLE IF EXISTS `activity`;
/*!40101 SET @saved_cs_client     = @@character_set_client */;
/*!40101 SET character_set_client = utf8 */;
CREATE TABLE `activity` (
  `activity_no` int(11) NOT NULL AUTO_INCREMENT,
  `post_no` int(11) NOT NULL,
  `user_no` int(11) NOT NULL,
  PRIMARY KEY (`activity_no`)
) ENGINE=InnoDB DEFAULT CHARSET=utf8mb3;
/*!40101 SET character_set_client = @saved_cs_client */;

--
-- Dumping data for table `activity`
--

LOCK TABLES `activity` WRITE;
/*!40000 ALTER TABLE `activity` DISABLE KEYS */;
/*!40000 ALTER TABLE `activity` ENABLE KEYS */;
UNLOCK TABLES;

--
-- Table structure for table `alert`
--

DROP TABLE IF EXISTS `alert`;
/*!40101 SET @saved_cs_client     = @@character_set_client */;
/*!40101 SET character_set_client = utf8 */;
CREATE TABLE `alert` (
  `alert_no` int(11) NOT NULL AUTO_INCREMENT,
  `alert_confirm` bit(1) NOT NULL,
  `alert_content` varchar(255) DEFAULT NULL,
  `alert_reg_date` timestamp NOT NULL DEFAULT current_timestamp(),
  `user_no` int(11) DEFAULT NULL,
  PRIMARY KEY (`alert_no`),
  KEY `FKns4t2wgs21lxce3hranlp0tlw` (`user_no`),
  CONSTRAINT `FKns4t2wgs21lxce3hranlp0tlw` FOREIGN KEY (`user_no`) REFERENCES `user` (`user_no`)
) ENGINE=InnoDB AUTO_INCREMENT=364 DEFAULT CHARSET=utf8mb3;
/*!40101 SET character_set_client = @saved_cs_client */;

--
-- Dumping data for table `alert`
--

LOCK TABLES `alert` WRITE;
/*!40000 ALTER TABLE `alert` DISABLE KEYS */;
INSERT INTO `alert` VALUES (1,'\0','하은님이 포스트에 좋아요를 눌렀습니다.','2022-02-16 17:43:23',5),(2,'\0','민주님이 댓글을 작성했습니다.','2022-02-16 17:43:35',5),(3,'\0','하은님이 챌린지에 초대했습니다.','2022-02-16 17:44:01',6),(4,'\0','환경지킴이님이 포스트에 좋아요를 눌렀습니다.','2022-02-16 17:46:39',9),(5,'\0','오범님이 포스트에 좋아요를 눌렀습니다.','2022-02-16 17:46:43',7),(6,'\0','유진님이 포스트에 좋아요를 눌렀습니다.','2022-02-16 17:46:46',4),(7,'\0','유진님이 포스트에 좋아요를 눌렀습니다.','2022-02-16 17:46:48',4),(8,'\0','혜준님이 포스트에 좋아요를 눌렀습니다.','2022-02-16 17:47:38',8),(9,'\0','민주님이 댓글을 작성했습니다.','2022-02-16 17:48:09',8),(10,'\0','민주님이 포스트에 좋아요를 눌렀습니다.','2022-02-16 17:51:28',3),(11,'\0','하은님이 포스트에 좋아요를 눌렀습니다.','2022-02-16 17:51:29',5),(12,'\0','민주님이 포스트에 좋아요를 눌렀습니다.','2022-02-16 17:51:30',3),(13,'\0','유진님이 포스트에 좋아요를 눌렀습니다.','2022-02-16 17:51:35',4),(14,'\0','혜준님이 포스트에 좋아요를 눌렀습니다.','2022-02-16 17:51:36',8),(15,'\0','환경지킴이님이 포스트에 좋아요를 눌렀습니다.','2022-02-16 17:51:38',9),(16,'\0','오범님이 포스트에 좋아요를 눌렀습니다.','2022-02-16 17:51:40',7),(17,'\0','오범님이 포스트에 좋아요를 눌렀습니다.','2022-02-16 17:51:42',7),(18,'\0','유진님이 포스트에 좋아요를 눌렀습니다.','2022-02-16 17:51:43',4),(19,'\0','유진님이 포스트에 좋아요를 눌렀습니다.','2022-02-16 17:51:45',4),(20,'\0','혜준님이 포스트에 좋아요를 눌렀습니다.','2022-02-16 17:51:46',8),(21,'\0','혜준님이 포스트에 좋아요를 눌렀습니다.','2022-02-16 17:51:47',8),(22,'\0','민주님이 포스트에 좋아요를 눌렀습니다.','2022-02-16 17:51:51',3),(23,'\0','민주님이 포스트에 좋아요를 눌렀습니다.','2022-02-16 17:51:52',3),(24,'\0','민주님이 포스트에 좋아요를 눌렀습니다.','2022-02-16 17:51:54',3),(25,'\0','오범님이 포스트에 좋아요를 눌렀습니다.','2022-02-16 17:51:56',7),(26,'\0','민주님이 포스트에 좋아요를 눌렀습니다.','2022-02-16 17:52:14',3),(27,'\0','하은님이 포스트에 좋아요를 눌렀습니다.','2022-02-16 17:52:16',5),(28,'\0','혜준님이 포스트에 좋아요를 눌렀습니다.','2022-02-16 17:52:18',8),(29,'\0','혜준님이 포스트에 좋아요를 눌렀습니다.','2022-02-16 17:52:43',8),(30,'\0','유진님이 댓글을 작성했습니다.','2022-02-16 17:52:53',8),(31,'\0','민주님이 포스트에 좋아요를 눌렀습니다.','2022-02-16 17:52:58',3),(32,'\0','민주님이 포스트에 좋아요를 눌렀습니다.','2022-02-16 17:53:10',3),(33,'\0','유진님이 댓글을 작성했습니다.','2022-02-16 17:53:39',3),(34,'\0','민주님이 포스트에 좋아요를 눌렀습니다.','2022-02-16 17:54:14',3),(35,'\0','유진님이 댓글을 작성했습니다.','2022-02-16 17:54:26',3),(36,'\0','하은님이 포스트에 좋아요를 눌렀습니다.','2022-02-16 17:54:36',5),(37,'\0','하은님이 포스트에 좋아요를 눌렀습니다.','2022-02-16 17:54:38',5),(38,'\0','하은님이 포스트에 좋아요를 눌렀습니다.','2022-02-16 17:57:45',5),(39,'\0','하은님이 포스트에 좋아요를 눌렀습니다.','2022-02-16 17:58:35',5),(40,'\0','민주님이 포스트에 좋아요를 눌렀습니다.','2022-02-16 17:58:55',3),(41,'\0','혜준님이 댓글을 작성했습니다.','2022-02-16 17:59:30',3),(42,'\0','하은님이 포스트에 좋아요를 눌렀습니다.','2022-02-16 17:59:59',5),(43,'\0','샆피님이 댓글을 작성했습니다.','2022-02-16 18:00:31',5),(44,'\0','오범님이 포스트에 좋아요를 눌렀습니다.','2022-02-16 18:00:39',7),(45,'\0','혜준님이 댓글을 작성했습니다.','2022-02-16 18:00:57',7),(46,'\0','하은님이 포스트에 좋아요를 눌렀습니다.','2022-02-16 18:01:03',5),(47,'\0','하은님이 포스트에 좋아요를 눌렀습니다.','2022-02-16 18:01:11',5),(48,'\0','현준님이 포스트에 좋아요를 눌렀습니다.','2022-02-16 18:01:20',6),(49,'\0','졸려님이 댓글을 작성했습니다.','2022-02-16 18:01:42',6),(50,'\0','혜준님이 댓글을 작성했습니다.','2022-02-16 18:02:00',5),(51,'\0','하은님이 포스트에 좋아요를 눌렀습니다.','2022-02-16 18:02:13',5),(52,'\0','쫀디기님이 댓글을 작성했습니다.','2022-02-16 18:03:06',6),(53,'\0','현준님이 포스트에 좋아요를 눌렀습니다.','2022-02-16 18:03:07',6),(54,'\0','현준님이 포스트에 좋아요를 눌렀습니다.','2022-02-16 18:03:31',6),(55,'\0','하은님이 포스트에 좋아요를 눌렀습니다.','2022-02-16 18:04:02',5),(56,'\0','오범님이 포스트에 좋아요를 눌렀습니다.','2022-02-16 18:04:15',7),(57,'\0','민주님이 포스트에 좋아요를 눌렀습니다.','2022-02-16 18:04:20',3),(58,'\0','새벽세시님이 댓글을 작성했습니다.','2022-02-16 18:04:22',5),(59,'\0','하은님이 포스트에 좋아요를 눌렀습니다.','2022-02-16 18:05:31',5),(60,'\0','민주님이 댓글을 작성했습니다.','2022-02-16 18:07:26',5),(61,'\0','하은님이 포스트에 좋아요를 눌렀습니다.','2022-02-16 18:07:26',5),(62,'\0','하은님이 포스트에 좋아요를 눌렀습니다.','2022-02-16 18:07:27',5),(63,'\0','다람이님이 댓글을 작성했습니다.','2022-02-16 18:10:07',3),(64,'\0','다람이님이 댓글을 작성했습니다.','2022-02-16 18:10:28',5),(65,'\0','하은님이 포스트에 좋아요를 눌렀습니다.','2022-02-16 18:10:30',5),(66,'\0','하은님이 포스트에 좋아요를 눌렀습니다.','2022-02-16 18:10:32',5),(67,'\0','하은님이 포스트에 좋아요를 눌렀습니다.','2022-02-16 18:10:33',5),(68,'\0','유진님이 포스트에 좋아요를 눌렀습니다.','2022-02-16 18:10:34',4),(69,'\0','유진님이 포스트에 좋아요를 눌렀습니다.','2022-02-16 18:10:36',4),(70,'\0','민주님이 포스트에 좋아요를 눌렀습니다.','2022-02-16 18:10:37',3),(71,'\0','현준님이 포스트에 좋아요를 눌렀습니다.','2022-02-16 18:10:41',6),(72,'\0','오범님이 포스트에 좋아요를 눌렀습니다.','2022-02-16 18:10:42',7),(73,'\0','민주님이 포스트에 좋아요를 눌렀습니다.','2022-02-16 18:10:43',3),(74,'\0','민주님이 포스트에 좋아요를 눌렀습니다.','2022-02-16 18:10:45',3),(75,'\0','민주님이 포스트에 좋아요를 눌렀습니다.','2022-02-16 18:10:46',3),(76,'\0','혜준님이 포스트에 좋아요를 눌렀습니다.','2022-02-16 18:10:48',8),(77,'\0','혜준님이 포스트에 좋아요를 눌렀습니다.','2022-02-16 18:10:49',8),(78,'\0','유진님이 포스트에 좋아요를 눌렀습니다.','2022-02-16 18:10:50',4),(79,'\0','유진님이 포스트에 좋아요를 눌렀습니다.','2022-02-16 18:10:51',4),(80,'\0','오범님이 포스트에 좋아요를 눌렀습니다.','2022-02-16 18:10:53',7),(81,'\0','오범님이 포스트에 좋아요를 눌렀습니다.','2022-02-16 18:10:55',7),(82,'\0','환경지킴이님이 포스트에 좋아요를 눌렀습니다.','2022-02-16 18:10:56',9),(83,'\0','혜준님이 포스트에 좋아요를 눌렀습니다.','2022-02-16 18:10:57',8),(84,'\0','유진님이 포스트에 좋아요를 눌렀습니다.','2022-02-16 18:10:58',4),(85,'\0','하은님이 포스트에 좋아요를 눌렀습니다.','2022-02-16 18:11:00',5),(86,'\0','현준님이 포스트에 좋아요를 눌렀습니다.','2022-02-16 18:11:01',6),(87,'\0','민주님이 포스트에 좋아요를 눌렀습니다.','2022-02-16 18:11:01',3),(88,'\0','하은님이 포스트에 좋아요를 눌렀습니다.','2022-02-16 18:11:02',5),(89,'\0','현준님이 포스트에 좋아요를 눌렀습니다.','2022-02-16 18:11:03',6),(90,'\0','오범님이 포스트에 좋아요를 눌렀습니다.','2022-02-16 18:11:04',7),(91,'\0','오범님이 포스트에 좋아요를 눌렀습니다.','2022-02-16 18:11:06',7),(92,'\0','민주님이 포스트에 좋아요를 눌렀습니다.','2022-02-16 18:11:34',3),(93,'\0','유진님이 포스트에 좋아요를 눌렀습니다.','2022-02-16 18:11:39',4),(94,'\0','스펀지밥님이 댓글을 작성했습니다.','2022-02-16 18:12:00',4),(95,'\0','유진님이 포스트에 좋아요를 눌렀습니다.','2022-02-16 18:12:15',4),(96,'\0','하은님이 포스트에 좋아요를 눌렀습니다.','2022-02-16 18:12:18',5),(97,'\0','하은님이 포스트에 좋아요를 눌렀습니다.','2022-02-16 18:12:19',5),(98,'\0','하은님이 포스트에 좋아요를 눌렀습니다.','2022-02-16 18:12:21',5),(99,'\0','스펀지밥님이 댓글을 작성했습니다.','2022-02-16 18:12:31',5),(100,'\0','민주님이 포스트에 좋아요를 눌렀습니다.','2022-02-16 18:12:38',3),(101,'\0','스펀지밥님이 댓글을 작성했습니다.','2022-02-16 18:12:53',3),(102,'\0','민주님이 포스트에 좋아요를 눌렀습니다.','2022-02-16 18:12:56',3),(103,'\0','민주님이 포스트에 좋아요를 눌렀습니다.','2022-02-16 18:12:57',3),(104,'\0','오범님이 포스트에 좋아요를 눌렀습니다.','2022-02-16 18:12:59',7),(105,'\0','현준님이 포스트에 좋아요를 눌렀습니다.','2022-02-16 18:13:00',6),(106,'\0','혜준님이 포스트에 좋아요를 눌렀습니다.','2022-02-16 18:13:08',8),(107,'\0','혜준님이 포스트에 좋아요를 눌렀습니다.','2022-02-16 18:13:10',8),(108,'\0','유진님이 포스트에 좋아요를 눌렀습니다.','2022-02-16 18:13:11',4),(109,'\0','유진님이 포스트에 좋아요를 눌렀습니다.','2022-02-16 18:13:13',4),(110,'\0','오범님이 포스트에 좋아요를 눌렀습니다.','2022-02-16 18:13:15',7),(111,'\0','스펀지밥님이 댓글을 작성했습니다.','2022-02-16 18:13:31',7),(112,'\0','오범님이 포스트에 좋아요를 눌렀습니다.','2022-02-16 18:13:32',7),(113,'\0','환경지킴이님이 포스트에 좋아요를 눌렀습니다.','2022-02-16 18:13:34',9),(114,'\0','혜준님이 포스트에 좋아요를 눌렀습니다.','2022-02-16 18:13:35',8),(115,'\0','유진님이 포스트에 좋아요를 눌렀습니다.','2022-02-16 18:13:36',4),(116,'\0','하은님이 포스트에 좋아요를 눌렀습니다.','2022-02-16 18:13:37',5),(117,'\0','스펀지밥님이 댓글을 작성했습니다.','2022-02-16 18:13:45',5),(118,'\0','민주님이 포스트에 좋아요를 눌렀습니다.','2022-02-16 18:13:47',3),(119,'\0','하은님이 포스트에 좋아요를 눌렀습니다.','2022-02-16 18:13:50',5),(120,'\0','현준님이 포스트에 좋아요를 눌렀습니다.','2022-02-16 18:13:51',6),(121,'\0','오범님이 포스트에 좋아요를 눌렀습니다.','2022-02-16 18:13:53',7),(122,'\0','오범님이 포스트에 좋아요를 눌렀습니다.','2022-02-16 18:13:54',7),(123,'\0','스펀지밥님이 댓글을 작성했습니다.','2022-02-16 18:14:10',5),(124,'\0','민주님이 포스트에 좋아요를 눌렀습니다.','2022-02-16 18:15:49',3),(125,'\0','유진님이 포스트에 좋아요를 눌렀습니다.','2022-02-16 18:15:49',4),(126,'\0','유진님이 포스트에 좋아요를 눌렀습니다.','2022-02-16 18:15:51',4),(127,'\0','핑핑이님이 댓글을 작성했습니다.','2022-02-16 18:15:56',4),(128,'\0','하은님이 포스트에 좋아요를 눌렀습니다.','2022-02-16 18:15:57',5),(129,'\0','하은님이 포스트에 좋아요를 눌렀습니다.','2022-02-16 18:15:59',5),(130,'\0','핑핑이님이 댓글을 작성했습니다.','2022-02-16 18:16:05',5),(131,'\0','하은님이 포스트에 좋아요를 눌렀습니다.','2022-02-16 18:16:07',5),(132,'\0','현준님이 포스트에 좋아요를 눌렀습니다.','2022-02-16 18:16:08',6),(133,'\0','오범님이 포스트에 좋아요를 눌렀습니다.','2022-02-16 18:16:11',7),(134,'\0','민주님이 포스트에 좋아요를 눌렀습니다.','2022-02-16 18:16:16',3),(135,'\0','민주님이 포스트에 좋아요를 눌렀습니다.','2022-02-16 18:16:18',3),(136,'\0','민주님이 포스트에 좋아요를 눌렀습니다.','2022-02-16 18:16:22',3),(137,'\0','혜준님이 포스트에 좋아요를 눌렀습니다.','2022-02-16 18:16:24',8),(138,'\0','핑핑이님이 댓글을 작성했습니다.','2022-02-16 18:16:30',8),(139,'\0','혜준님이 포스트에 좋아요를 눌렀습니다.','2022-02-16 18:16:33',8),(140,'\0','핑핑이님이 댓글을 작성했습니다.','2022-02-16 18:16:45',8),(141,'\0','유진님이 포스트에 좋아요를 눌렀습니다.','2022-02-16 18:16:48',4),(142,'\0','유진님이 포스트에 좋아요를 눌렀습니다.','2022-02-16 18:16:50',4),(143,'\0','오범님이 포스트에 좋아요를 눌렀습니다.','2022-02-16 18:16:52',7),(144,'\0','오범님이 포스트에 좋아요를 눌렀습니다.','2022-02-16 18:16:54',7),(145,'\0','핑핑이님이 댓글을 작성했습니다.','2022-02-16 18:16:59',7),(146,'\0','환경지킴이님이 포스트에 좋아요를 눌렀습니다.','2022-02-16 18:17:01',9),(147,'\0','혜준님이 포스트에 좋아요를 눌렀습니다.','2022-02-16 18:17:02',8),(148,'\0','유진님이 포스트에 좋아요를 눌렀습니다.','2022-02-16 18:17:03',4),(149,'\0','하은님이 포스트에 좋아요를 눌렀습니다.','2022-02-16 18:17:04',5),(150,'\0','민주님이 포스트에 좋아요를 눌렀습니다.','2022-02-16 18:17:05',3),(151,'\0','핑핑이님이 댓글을 작성했습니다.','2022-02-16 18:17:12',5),(152,'\0','핑핑이님이 댓글을 작성했습니다.','2022-02-16 18:17:18',6),(153,'\0','현준님이 포스트에 좋아요를 눌렀습니다.','2022-02-16 18:17:19',6),(154,'\0','오범님이 포스트에 좋아요를 눌렀습니다.','2022-02-16 18:17:28',7),(155,'\0','오범님이 포스트에 좋아요를 눌렀습니다.','2022-02-16 18:17:30',7),(156,'\0','징징이님이 댓글을 작성했습니다.','2022-02-16 18:18:00',3),(157,'\0','민주님이 포스트에 좋아요를 눌렀습니다.','2022-02-16 18:18:09',3),(158,'\0','유진님이 포스트에 좋아요를 눌렀습니다.','2022-02-16 18:18:13',4),(159,'\0','유진님이 포스트에 좋아요를 눌렀습니다.','2022-02-16 18:18:14',4),(160,'\0','하은님이 포스트에 좋아요를 눌렀습니다.','2022-02-16 18:18:15',5),(161,'\0','하은님이 포스트에 좋아요를 눌렀습니다.','2022-02-16 18:18:17',5),(162,'\0','하은님이 포스트에 좋아요를 눌렀습니다.','2022-02-16 18:18:19',5),(163,'\0','현준님이 포스트에 좋아요를 눌렀습니다.','2022-02-16 18:18:20',6),(164,'\0','오범님이 포스트에 좋아요를 눌렀습니다.','2022-02-16 18:18:22',7),(165,'\0','민주님이 포스트에 좋아요를 눌렀습니다.','2022-02-16 18:18:31',3),(166,'\0','민주님이 포스트에 좋아요를 눌렀습니다.','2022-02-16 18:18:35',3),(167,'\0','민주님이 포스트에 좋아요를 눌렀습니다.','2022-02-16 18:18:36',3),(168,'\0','혜준님이 포스트에 좋아요를 눌렀습니다.','2022-02-16 18:18:37',8),(169,'\0','혜준님이 포스트에 좋아요를 눌렀습니다.','2022-02-16 18:18:38',8),(170,'\0','유진님이 포스트에 좋아요를 눌렀습니다.','2022-02-16 18:18:43',4),(171,'\0','유진님이 포스트에 좋아요를 눌렀습니다.','2022-02-16 18:18:44',4),(172,'\0','오범님이 포스트에 좋아요를 눌렀습니다.','2022-02-16 18:18:46',7),(173,'\0','환경지킴이님이 포스트에 좋아요를 눌렀습니다.','2022-02-16 18:18:50',9),(174,'\0','혜준님이 포스트에 좋아요를 눌렀습니다.','2022-02-16 18:18:51',8),(175,'\0','유진님이 포스트에 좋아요를 눌렀습니다.','2022-02-16 18:18:52',4),(176,'\0','하은님이 포스트에 좋아요를 눌렀습니다.','2022-02-16 18:18:53',5),(177,'\0','민주님이 포스트에 좋아요를 눌렀습니다.','2022-02-16 18:18:55',3),(178,'\0','하은님이 포스트에 좋아요를 눌렀습니다.','2022-02-16 18:18:57',5),(179,'\0','징징이님이 댓글을 작성했습니다.','2022-02-16 18:19:05',5),(180,'\0','징징이님이 댓글을 작성했습니다.','2022-02-16 18:19:11',6),(181,'\0','현준님이 포스트에 좋아요를 눌렀습니다.','2022-02-16 18:19:13',6),(182,'\0','오범님이 포스트에 좋아요를 눌렀습니다.','2022-02-16 18:19:16',7),(183,'\0','오범님이 포스트에 좋아요를 눌렀습니다.','2022-02-16 18:19:18',7),(184,'\0','하은님이 포스트에 좋아요를 눌렀습니다.','2022-02-16 18:19:31',5),(185,'\0','민주님이 포스트에 좋아요를 눌렀습니다.','2022-02-16 18:19:50',3),(186,'\0','오범님이 포스트에 좋아요를 눌렀습니다.','2022-02-16 18:20:25',7),(187,'\0','오범님이 포스트에 좋아요를 눌렀습니다.','2022-02-16 18:21:02',7),(188,'\0','오범님이 포스트에 좋아요를 눌렀습니다.','2022-02-16 18:21:15',7),(189,'\0','졸려님이 댓글을 작성했습니다.','2022-02-16 18:21:21',7),(190,'\0','오범님이 포스트에 좋아요를 눌렀습니다.','2022-02-16 18:21:33',7),(191,'\0','뚱이님이 댓글을 작성했습니다.','2022-02-16 18:21:33',3),(192,'\0','졸려님이 댓글을 작성했습니다.','2022-02-16 18:21:36',4),(193,'\0','민주님이 포스트에 좋아요를 눌렀습니다.','2022-02-16 18:21:36',3),(194,'\0','유진님이 포스트에 좋아요를 눌렀습니다.','2022-02-16 18:21:37',4),(195,'\0','뚱이님이 댓글을 작성했습니다.','2022-02-16 18:21:42',4),(196,'\0','뚱이님이 댓글을 작성했습니다.','2022-02-16 18:21:47',4),(197,'\0','유진님이 포스트에 좋아요를 눌렀습니다.','2022-02-16 18:21:48',4),(198,'\0','민주님이 포스트에 좋아요를 눌렀습니다.','2022-02-16 18:21:56',3),(199,'\0','뚱이님이 댓글을 작성했습니다.','2022-02-16 18:22:01',5),(200,'\0','뚱이님이 댓글을 작성했습니다.','2022-02-16 18:22:05',5),(201,'\0','하은님이 포스트에 좋아요를 눌렀습니다.','2022-02-16 18:22:05',5),(202,'\0','하은님이 포스트에 좋아요를 눌렀습니다.','2022-02-16 18:22:07',5),(203,'\0','졸려님이 댓글을 작성했습니다.','2022-02-16 18:22:09',3),(204,'\0','하은님이 포스트에 좋아요를 눌렀습니다.','2022-02-16 18:22:10',5),(205,'\0','뚱이님이 댓글을 작성했습니다.','2022-02-16 18:22:18',5),(206,'\0','현준님이 포스트에 좋아요를 눌렀습니다.','2022-02-16 18:22:20',6),(207,'\0','오범님이 포스트에 좋아요를 눌렀습니다.','2022-02-16 18:22:28',7),(208,'\0','민주님이 포스트에 좋아요를 눌렀습니다.','2022-02-16 18:22:29',3),(209,'\0','민주님이 포스트에 좋아요를 눌렀습니다.','2022-02-16 18:22:35',3),(210,'\0','민주님이 포스트에 좋아요를 눌렀습니다.','2022-02-16 18:22:36',3),(211,'\0','혜준님이 포스트에 좋아요를 눌렀습니다.','2022-02-16 18:22:38',8),(212,'\0','뚱이님이 댓글을 작성했습니다.','2022-02-16 18:22:43',8),(213,'\0','혜준님이 포스트에 좋아요를 눌렀습니다.','2022-02-16 18:22:44',8),(214,'\0','유진님이 포스트에 좋아요를 눌렀습니다.','2022-02-16 18:22:48',4),(215,'\0','유진님이 포스트에 좋아요를 눌렀습니다.','2022-02-16 18:22:54',4),(216,'\0','오범님이 포스트에 좋아요를 눌렀습니다.','2022-02-16 18:22:57',7),(217,'\0','오범님이 포스트에 좋아요를 눌렀습니다.','2022-02-16 18:22:59',7),(218,'\0','뚱이님이 댓글을 작성했습니다.','2022-02-16 18:23:01',7),(219,'\0','환경지킴이님이 포스트에 좋아요를 눌렀습니다.','2022-02-16 18:23:03',9),(220,'\0','뚱이님이 댓글을 작성했습니다.','2022-02-16 18:23:05',9),(221,'\0','혜준님이 포스트에 좋아요를 눌렀습니다.','2022-02-16 18:23:07',8),(222,'\0','뚱이님이 댓글을 작성했습니다.','2022-02-16 18:23:08',8),(223,'\0','유진님이 포스트에 좋아요를 눌렀습니다.','2022-02-16 18:23:10',4),(224,'\0','뚱이님이 댓글을 작성했습니다.','2022-02-16 18:23:11',4),(225,'\0','하은님이 포스트에 좋아요를 눌렀습니다.','2022-02-16 18:23:13',5),(226,'\0','뚱이님이 댓글을 작성했습니다.','2022-02-16 18:23:17',5),(227,'\0','뚱이님이 댓글을 작성했습니다.','2022-02-16 18:23:20',3),(228,'\0','민주님이 포스트에 좋아요를 눌렀습니다.','2022-02-16 18:23:21',3),(229,'\0','하은님이 포스트에 좋아요를 눌렀습니다.','2022-02-16 18:23:22',5),(230,'\0','현준님이 포스트에 좋아요를 눌렀습니다.','2022-02-16 18:23:33',6),(231,'\0','오범님이 포스트에 좋아요를 눌렀습니다.','2022-02-16 18:23:35',7),(232,'\0','뚱이님이 댓글을 작성했습니다.','2022-02-16 18:23:45',7),(233,'\0','오범님이 포스트에 좋아요를 눌렀습니다.','2022-02-16 18:23:47',7),(234,'\0','혜준님이 댓글을 작성했습니다.','2022-02-16 18:25:00',7),(235,'\0','현준님이 포스트에 좋아요를 눌렀습니다.','2022-02-16 18:30:17',6),(236,'\0','하은님이 포스트에 좋아요를 눌렀습니다.','2022-02-16 18:30:21',5),(237,'\0','졸려님이 댓글을 작성했습니다.','2022-02-16 18:30:25',5),(238,'\0','유진님이 포스트에 좋아요를 눌렀습니다.','2022-02-16 18:30:32',4),(239,'\0','민주님이 포스트에 좋아요를 눌렀습니다.','2022-02-16 18:30:41',3),(240,'\0','졸려님이 댓글을 작성했습니다.','2022-02-16 18:31:06',3),(241,'\0','오범님이 댓글을 작성했습니다.','2022-02-16 18:52:15',6),(242,'\0','현준님이 포스트에 좋아요를 눌렀습니다.','2022-02-16 18:52:19',6),(243,'\0','현준님이 포스트에 좋아요를 눌렀습니다.','2022-02-16 18:58:52',6),(244,'\0','현준님이 포스트에 좋아요를 눌렀습니다.','2022-02-16 18:59:30',6),(245,'\0','현준님이 포스트에 좋아요를 눌렀습니다.','2022-02-16 18:59:52',6),(246,'\0','현준님이 포스트에 좋아요를 눌렀습니다.','2022-02-16 19:04:37',6),(247,'\0','현준님이 포스트에 좋아요를 눌렀습니다.','2022-02-16 19:05:17',6),(248,'\0','현준님이 포스트에 좋아요를 눌렀습니다.','2022-02-16 19:13:43',6),(249,'\0','현준님이 포스트에 좋아요를 눌렀습니다.','2022-02-16 19:14:34',6),(250,'\0','현준님이 포스트에 좋아요를 눌렀습니다.','2022-02-16 19:15:02',6),(251,'\0','현준님이 포스트에 좋아요를 눌렀습니다.','2022-02-16 19:15:26',6),(252,'\0','하은님이 포스트에 좋아요를 눌렀습니다.','2022-02-16 19:31:28',5),(253,'\0','김도전님이 댓글을 작성했습니다.','2022-02-17 00:38:07',25),(254,'\0','김도전님이 댓글을 작성했습니다.','2022-02-17 00:38:26',25),(255,'\0','김도전님이 댓글을 작성했습니다.','2022-02-17 00:38:38',25),(256,'\0','김실험님이 포스트에 좋아요를 눌렀습니다.','2022-02-17 00:38:48',25),(257,'\0','김도전님이 팔로우합니다.','2022-02-17 00:38:59',25),(258,'\0','새벽세시님이 팔로우합니다.','2022-02-17 00:45:57',13),(259,'\0','새벽세시님이 팔로우합니다.','2022-02-17 00:45:58',13),(260,'\0','김실험님이 포스트에 좋아요를 눌렀습니다.','2022-02-17 00:49:08',25),(261,'\0','샆피님이 댓글을 작성했습니다.','2022-02-17 01:04:36',5),(262,'\0','김실험님이 포스트에 좋아요를 눌렀습니다.','2022-02-17 01:07:17',25),(263,'\0','김실험님이 포스트에 좋아요를 눌렀습니다.','2022-02-17 01:07:48',25),(264,'\0','현준님이 댓글을 작성했습니다.','2022-02-17 01:08:16',6),(265,'\0','혜준님이 댓글을 작성했습니다.','2022-02-17 01:08:53',25),(266,'\0','귀욤이님이 댓글을 작성했습니다.','2022-02-17 01:10:38',25),(267,'\0','귀욤이님이 댓글을 작성했습니다.','2022-02-17 01:11:31',7),(268,'\0','하은님이 포스트에 좋아요를 눌렀습니다.','2022-02-17 01:18:37',5),(269,'\0','현준님이 포스트에 좋아요를 눌렀습니다.','2022-02-17 01:22:26',6),(270,'\0','민주님이 포스트에 좋아요를 눌렀습니다.','2022-02-17 01:43:04',3),(271,'\0','혜준님이 댓글을 작성했습니다.','2022-02-17 01:45:45',25),(272,'\0','ADMIN님이 챌린지에 초대했습니다.','2022-02-17 02:41:16',1),(273,'\0','ADMIN님이 포스트에 좋아요를 눌렀습니다.','2022-02-17 02:48:52',1),(274,'\0','ADMIN님이 포스트에 좋아요를 눌렀습니다.','2022-02-17 02:49:10',1),(275,'\0','ADMIN님이 포스트에 좋아요를 눌렀습니다.','2022-02-17 02:50:10',1),(276,'\0','ADMIN님이 포스트에 좋아요를 눌렀습니다.','2022-02-17 02:51:12',1),(277,'\0','ADMIN님이 포스트에 좋아요를 눌렀습니다.','2022-02-17 02:51:17',1),(278,'\0','ADMIN님이 포스트에 좋아요를 눌렀습니다.','2022-02-17 02:51:27',1),(279,'\0','ADMIN님이 포스트에 좋아요를 눌렀습니다.','2022-02-17 02:51:33',1),(280,'\0','ADMIN님이 포스트에 좋아요를 눌렀습니다.','2022-02-17 02:53:23',1),(281,'\0','ADMIN님이 포스트에 좋아요를 눌렀습니다.','2022-02-17 02:53:26',1),(282,'\0','ADMIN님이 포스트에 좋아요를 눌렀습니다.','2022-02-17 02:53:32',1),(283,'\0','ADMIN님이 포스트에 좋아요를 눌렀습니다.','2022-02-17 02:54:23',1),(284,'\0','현준님이 포스트에 좋아요를 눌렀습니다.','2022-02-17 04:07:08',6),(285,'\0','오범님이 포스트에 좋아요를 눌렀습니다.','2022-02-17 04:07:10',7),(286,'\0','민주님이 포스트에 좋아요를 눌렀습니다.','2022-02-17 04:23:45',3),(287,'\0','민주님이 포스트에 좋아요를 눌렀습니다.','2022-02-17 04:23:49',3),(288,'\0','jisu님이 포스트에 좋아요를 눌렀습니다.','2022-02-17 04:35:42',27),(289,'\0','아하님이 댓글을 작성했습니다.','2022-02-17 04:47:18',7),(290,'\0','오범님이 포스트에 좋아요를 눌렀습니다.','2022-02-17 04:49:00',7),(291,'\0','jisu님이 포스트에 좋아요를 눌렀습니다.','2022-02-17 05:19:58',27),(292,'\0','현준님이 포스트에 좋아요를 눌렀습니다.','2022-02-17 07:22:05',27),(293,'\0','현준님이 댓글을 작성했습니다.','2022-02-17 07:59:42',27),(294,'\0','민주님이 포스트에 좋아요를 눌렀습니다.','2022-02-17 08:16:04',3),(295,'\0','민주님이 포스트에 좋아요를 눌렀습니다.','2022-02-17 08:16:19',3),(296,'\0','유진님이 포스트에 좋아요를 눌렀습니다.','2022-02-17 08:16:24',4),(297,'\0','유진님이 포스트에 좋아요를 눌렀습니다.','2022-02-17 08:16:26',4),(298,'\0','유진님이 포스트에 좋아요를 눌렀습니다.','2022-02-17 08:16:40',4),(299,'\0','오범님이 포스트에 좋아요를 눌렀습니다.','2022-02-17 08:16:45',7),(300,'\0','민주님이 포스트에 좋아요를 눌렀습니다.','2022-02-17 08:17:01',3),(301,'\0','민주님이 포스트에 좋아요를 눌렀습니다.','2022-02-17 08:17:33',3),(302,'\0','유진님이 포스트에 좋아요를 눌렀습니다.','2022-02-17 08:18:49',4),(303,'\0','하은님이 포스트에 좋아요를 눌렀습니다.','2022-02-17 08:38:30',5),(304,'\0','하은님이 포스트에 좋아요를 눌렀습니다.','2022-02-17 08:38:32',5),(305,'\0','하은님이 포스트에 좋아요를 눌렀습니다.','2022-02-17 08:45:47',6),(306,'\0','하은님이 포스트에 좋아요를 눌렀습니다.','2022-02-17 08:48:35',5),(307,'\0','유진님이 포스트에 좋아요를 눌렀습니다.','2022-02-17 09:19:41',4),(308,'\0','하은님이 포스트에 좋아요를 눌렀습니다.','2022-02-17 09:40:56',9),(309,'\0','하은님이 포스트에 좋아요를 눌렀습니다.','2022-02-17 09:51:59',27),(310,'\0','하은님이 팔로우합니다.','2022-02-17 09:52:17',6),(311,'\0','하은님이 포스트에 좋아요를 눌렀습니다.','2022-02-17 09:53:44',7),(312,'\0','하은님이 포스트에 좋아요를 눌렀습니다.','2022-02-17 09:54:51',7),(313,'\0','하은님이 포스트에 좋아요를 눌렀습니다.','2022-02-17 09:56:27',9),(314,'\0','하은님이 포스트에 좋아요를 눌렀습니다.','2022-02-17 09:57:31',9),(315,'\0','하은님이 포스트에 좋아요를 눌렀습니다.','2022-02-17 09:58:25',5),(316,'\0','혜준님이 포스트에 좋아요를 눌렀습니다.','2022-02-17 10:55:55',27),(317,'\0','현준님이 포스트에 좋아요를 눌렀습니다.','2022-02-17 10:57:29',5),(318,'\0','현준님이 포스트에 좋아요를 눌렀습니다.','2022-02-17 10:57:34',6),(319,'\0','현준님이 포스트에 좋아요를 눌렀습니다.','2022-02-17 11:14:28',7),(320,'\0','현준님이 포스트에 좋아요를 눌렀습니다.','2022-02-17 11:14:30',7),(321,'\0','현준님이 포스트에 좋아요를 눌렀습니다.','2022-02-17 11:14:33',3),(322,'\0','현준님이 포스트에 좋아요를 눌렀습니다.','2022-02-17 11:14:35',5),(323,'\0','현준님이 포스트에 좋아요를 눌렀습니다.','2022-02-17 11:14:36',4),(324,'\0','현준님이 포스트에 좋아요를 눌렀습니다.','2022-02-17 11:14:37',8),(325,'\0','현준님이 포스트에 좋아요를 눌렀습니다.','2022-02-17 11:14:39',9),(326,'\0','현준님이 포스트에 좋아요를 눌렀습니다.','2022-02-17 11:14:41',7),(327,'\0','현준님이 포스트에 좋아요를 눌렀습니다.','2022-02-17 11:14:43',7),(328,'\0','현준님이 포스트에 좋아요를 눌렀습니다.','2022-02-17 11:14:44',4),(329,'\0','현준님이 포스트에 좋아요를 눌렀습니다.','2022-02-17 11:14:46',4),(330,'\0','현준님이 포스트에 좋아요를 눌렀습니다.','2022-02-17 11:14:47',8),(331,'\0','현준님이 포스트에 좋아요를 눌렀습니다.','2022-02-17 11:14:49',8),(332,'\0','현준님이 포스트에 좋아요를 눌렀습니다.','2022-02-17 11:14:50',3),(333,'\0','현준님이 포스트에 좋아요를 눌렀습니다.','2022-02-17 11:14:52',3),(334,'\0','현준님이 포스트에 좋아요를 눌렀습니다.','2022-02-17 11:14:53',3),(335,'\0','현준님이 포스트에 좋아요를 눌렀습니다.','2022-02-17 11:14:55',7),(336,'\0','현준님이 포스트에 좋아요를 눌렀습니다.','2022-02-17 11:14:57',6),(337,'\0','현준님이 포스트에 좋아요를 눌렀습니다.','2022-02-17 11:14:58',5),(338,'\0','현준님이 포스트에 좋아요를 눌렀습니다.','2022-02-17 11:14:59',5),(339,'\0','현준님이 포스트에 좋아요를 눌렀습니다.','2022-02-17 11:15:03',5),(340,'\0','현준님이 포스트에 좋아요를 눌렀습니다.','2022-02-17 11:15:05',4),(341,'\0','현준님이 포스트에 좋아요를 눌렀습니다.','2022-02-17 11:15:07',4),(342,'\0','현준님이 포스트에 좋아요를 눌렀습니다.','2022-02-17 11:15:08',3),(343,'\0','현준님이 포스트에 좋아요를 눌렀습니다.','2022-02-17 11:24:13',6),(344,'\0','hello님이 포스트에 좋아요를 눌렀습니다.','2022-02-17 13:29:43',8),(345,'\0','안녕님이 포스트에 좋아요를 눌렀습니다.','2022-02-17 13:29:46',8),(346,'\0','hello님이 팔로우합니다.','2022-02-17 13:31:55',3),(347,'\0','hello님이 팔로우합니다.','2022-02-17 13:31:57',3),(348,'\0','안녕님이 팔로우합니다.','2022-02-17 13:31:59',5),(349,'\0','hello님이 팔로우합니다.','2022-02-17 13:32:03',19),(350,'\0','hello님이 팔로우합니다.','2022-02-17 13:32:08',19),(351,'\0','새벽세시님이 포스트에 좋아요를 눌렀습니다.','2022-02-17 14:54:53',7),(352,'\0','새벽세시님이 포스트에 좋아요를 눌렀습니다.','2022-02-17 14:55:01',6),(353,'\0','새벽세시님이 포스트에 좋아요를 눌렀습니다.','2022-02-17 14:55:09',3),(354,'\0','새벽세시님이 포스트에 좋아요를 눌렀습니다.','2022-02-17 14:57:50',6),(355,'\0','새벽세시님이 댓글을 작성했습니다.','2022-02-17 14:57:54',6),(356,'\0','혜준님이 팔로우합니다.','2022-02-17 15:13:57',10),(357,'\0','혜준님이 팔로우합니다.','2022-02-17 15:13:58',10),(358,'\0','혜준님이 포스트에 좋아요를 눌렀습니다.','2022-02-17 15:14:43',7),(359,'\0','혜준님이 댓글을 작성했습니다.','2022-02-17 15:14:52',7),(360,'\0','혜준님이 팔로우합니다.','2022-02-17 16:13:12',7),(361,'\0','혜준님이 팔로우합니다.','2022-02-17 16:13:12',10),(362,'\0','혜준님이 팔로우합니다.','2022-02-17 16:13:13',10),(363,'\0','혜준님이 댓글을 작성했습니다.','2022-02-17 16:13:45',7);
/*!40000 ALTER TABLE `alert` ENABLE KEYS */;
UNLOCK TABLES;

--
-- Table structure for table `challenge`
--

DROP TABLE IF EXISTS `challenge`;
/*!40101 SET @saved_cs_client     = @@character_set_client */;
/*!40101 SET character_set_client = utf8 */;
CREATE TABLE `challenge` (
  `challenge_no` int(11) NOT NULL AUTO_INCREMENT,
  `challenge_access` varchar(10) DEFAULT 'PUBLIC',
  `challenge_content` varchar(255) NOT NULL,
  `challenge_end` timestamp NOT NULL DEFAULT current_timestamp() ON UPDATE current_timestamp(),
  `challenge_official` bit(1) DEFAULT NULL,
  `challenge_report` int(11) NOT NULL DEFAULT 0,
  `challenge_start` timestamp NOT NULL DEFAULT current_timestamp(),
  `challenge_title` varchar(255) NOT NULL,
  `challenge_type` int(11) DEFAULT NULL,
  `user_no` int(11) DEFAULT NULL,
  PRIMARY KEY (`challenge_no`),
  KEY `FKf7j9aiw5s3txnrv8ibjd8774u` (`user_no`),
  CONSTRAINT `FKf7j9aiw5s3txnrv8ibjd8774u` FOREIGN KEY (`user_no`) REFERENCES `user` (`user_no`)
) ENGINE=InnoDB AUTO_INCREMENT=11 DEFAULT CHARSET=utf8mb3;
/*!40101 SET character_set_client = @saved_cs_client */;

--
-- Dumping data for table `challenge`
--

LOCK TABLES `challenge` WRITE;
/*!40000 ALTER TABLE `challenge` DISABLE KEYS */;
INSERT INTO `challenge` VALUES (1,'PUBLIC','요즘 #배달_음식 이 비싸서 요리를 자주 하고 계시지 않나요? 같이 #레시피 도 공유하고 본인이 만든 음식을 #자랑 해봐요!\n#요리 #방콕요리사','2022-02-24 00:00:00','\0',0,'2022-02-16 15:01:15','요리_챌린지',0,3),(2,'PUBLIC','야경 사진의 #마스터 를 찾자! 내가 제일 #야경 을 잘 찍는 것 같다. 내가 찍은 이 사진이 레전드다. 전국에 계신 #금손들 나와주세요~~\n#야경사진 #사진 #야경맛집','2022-02-24 00:00:00','\0',0,'2022-02-16 15:03:57','야경사진_챌린지',0,4),(3,'PUBLIC','#이른_아침 에 일어나 자신의 일과를 시작해보세요. 남들보다 하루를 일찍 시작하여 본인만의 시간도 가질 뿐만 아니라 #자기계발 에도 도움이 됩니다. #미라클모닝 으로 눈부시게 달라질 당신의 일상을 기대합니다!\n#아침형인간 #시간관리','2022-02-24 00:00:00','\0',0,'2022-02-16 15:07:53','미라클 모닝_챌린지',0,5),(4,'PUBLIC','지나가는 강아지를 봐도 #우리집_강아지 가 제일 이뻐보이지 않나요 ㅎㅎ? #당신의_반려견 을 소개해주세요! \n#강아지 #강쥐 #반려견 #왕귀요미','2022-02-24 00:00:00','\0',0,'2022-02-16 15:14:11','천하제일 반려견 자랑_챌린지',0,6),(5,'PUBLIC','음식 포장과 배달에 사용되는 일회용품을 줄이고자 다회용 #용기 를 가지고 음식을 포장해오는 캠페인입니다. 카페 음료, 분식, 음식점 등 다양한 곳에서 용기 내어 캠페인에 적극적으로 참여해보세요! #환경 을 생각하는 여러분이 진정한 이 시대의 영웅입니다. #일회용품줄이기 #용기내 #공익','2022-02-17 09:10:37','',0,'2022-02-16 17:21:22','용기내_챌린지',1,9),(6,'PRIVATE','#라이언 #따라그리기 누가 더 잘그렸나요? 친구랑 내기했으니 진지한 평가 부탁드립니다. \n\n악플 사절 #그림','2022-02-17 11:00:00','\0',0,'2022-02-16 17:44:01','그림_챌린지',0,5);
/*!40000 ALTER TABLE `challenge` ENABLE KEYS */;
UNLOCK TABLES;

--
-- Table structure for table `challenge_tag`
--

DROP TABLE IF EXISTS `challenge_tag`;
/*!40101 SET @saved_cs_client     = @@character_set_client */;
/*!40101 SET character_set_client = utf8 */;
CREATE TABLE `challenge_tag` (
  `challenge_tag_no` int(11) NOT NULL AUTO_INCREMENT,
  `challenge_no` int(11) DEFAULT NULL,
  `tag_no` int(11) DEFAULT NULL,
  PRIMARY KEY (`challenge_tag_no`),
  KEY `FKsip5es41kp96xyfumx1c6fow5` (`challenge_no`),
  KEY `FKmm3e7k731s4w8se9h4ycflegx` (`tag_no`),
  CONSTRAINT `FKmm3e7k731s4w8se9h4ycflegx` FOREIGN KEY (`tag_no`) REFERENCES `tag` (`tag_no`),
  CONSTRAINT `FKsip5es41kp96xyfumx1c6fow5` FOREIGN KEY (`challenge_no`) REFERENCES `challenge` (`challenge_no`)
) ENGINE=InnoDB AUTO_INCREMENT=42 DEFAULT CHARSET=utf8mb3;
/*!40101 SET character_set_client = @saved_cs_client */;

--
-- Dumping data for table `challenge_tag`
--

LOCK TABLES `challenge_tag` WRITE;
/*!40000 ALTER TABLE `challenge_tag` DISABLE KEYS */;
INSERT INTO `challenge_tag` VALUES (1,1,NULL),(2,1,2),(3,1,3),(4,1,4),(5,1,5),(6,1,6),(7,2,NULL),(8,2,12),(9,2,13),(10,2,14),(11,2,15),(12,2,16),(13,2,17),(14,3,NULL),(15,3,23),(16,3,24),(17,3,25),(18,3,26),(19,3,27),(20,4,NULL),(21,4,36),(22,4,37),(23,4,38),(24,4,39),(25,4,40),(26,4,41),(27,5,NULL),(28,5,74),(29,5,75),(30,5,76),(31,5,77),(32,5,78),(33,6,NULL),(34,6,90),(35,6,91),(36,6,92);
/*!40000 ALTER TABLE `challenge_tag` ENABLE KEYS */;
UNLOCK TABLES;

--
-- Table structure for table `challenger`
--

DROP TABLE IF EXISTS `challenger`;
/*!40101 SET @saved_cs_client     = @@character_set_client */;
/*!40101 SET character_set_client = utf8 */;
CREATE TABLE `challenger` (
  `challenger_no` int(11) NOT NULL AUTO_INCREMENT,
  `challenge_no` int(11) DEFAULT NULL,
  `user_no` int(11) DEFAULT NULL,
  PRIMARY KEY (`challenger_no`),
  KEY `FKjbn18tllfdox88bospmiy8hvn` (`challenge_no`),
  KEY `FKncix0xwd7y7pebmyli09pyvd9` (`user_no`),
  CONSTRAINT `FKjbn18tllfdox88bospmiy8hvn` FOREIGN KEY (`challenge_no`) REFERENCES `challenge` (`challenge_no`),
  CONSTRAINT `FKncix0xwd7y7pebmyli09pyvd9` FOREIGN KEY (`user_no`) REFERENCES `user` (`user_no`)
) ENGINE=InnoDB AUTO_INCREMENT=3 DEFAULT CHARSET=utf8mb3;
/*!40101 SET character_set_client = @saved_cs_client */;

--
-- Dumping data for table `challenger`
--

LOCK TABLES `challenger` WRITE;
/*!40000 ALTER TABLE `challenger` DISABLE KEYS */;
INSERT INTO `challenger` VALUES (1,6,6);
/*!40000 ALTER TABLE `challenger` ENABLE KEYS */;
UNLOCK TABLES;

--
-- Table structure for table `comment`
--

DROP TABLE IF EXISTS `comment`;
/*!40101 SET @saved_cs_client     = @@character_set_client */;
/*!40101 SET character_set_client = utf8 */;
CREATE TABLE `comment` (
  `comment_no` int(11) NOT NULL AUTO_INCREMENT,
  `comment_content` varchar(255) NOT NULL,
  `comment_regdate` timestamp NOT NULL DEFAULT current_timestamp(),
  `comment_report` int(11) NOT NULL,
  `comment_update` timestamp NOT NULL DEFAULT current_timestamp(),
  `post_no` int(11) DEFAULT NULL,
  `user_no` int(11) DEFAULT NULL,
  PRIMARY KEY (`comment_no`),
  KEY `FKdl3cujtfyaoyubq2c2ldp1kxc` (`post_no`),
  KEY `FKq0ekodjkru4a87f99qeyg28l0` (`user_no`),
  CONSTRAINT `FKdl3cujtfyaoyubq2c2ldp1kxc` FOREIGN KEY (`post_no`) REFERENCES `post` (`post_no`),
  CONSTRAINT `FKq0ekodjkru4a87f99qeyg28l0` FOREIGN KEY (`user_no`) REFERENCES `user` (`user_no`)
) ENGINE=InnoDB AUTO_INCREMENT=67 DEFAULT CHARSET=utf8mb3;
/*!40101 SET character_set_client = @saved_cs_client */;

--
-- Dumping data for table `comment`
--

LOCK TABLES `comment` WRITE;
/*!40000 ALTER TABLE `comment` DISABLE KEYS */;
INSERT INTO `comment` VALUES (1,'좋아요 마라탕❤️','2022-02-16 17:43:35',0,'2022-02-16 17:43:35',26,3),(2,'나베 너무 맛있어보여요ㅠㅠㅠ 저도 한입 주세용','2022-02-16 17:48:09',0,'2022-02-16 17:48:09',13,3),(3,'와 멋져요 저도 부산 가고 싶어요!','2022-02-16 17:52:53',0,'2022-02-16 17:52:53',12,4),(4,'주말인데도 부지런히 일어나시다니 대단해요!','2022-02-16 17:53:39',0,'2022-02-16 17:53:39',10,4),(5,'가을이 너무 귀여워요.....','2022-02-16 17:54:26',0,'2022-02-16 17:54:26',9,4),(6,'헉 저도 완전 저녁형 인간인데 ㅠㅠㅠ 비결이 있을까요 ㅠ','2022-02-16 17:59:30',0,'2022-02-16 17:59:30',10,8),(7,'누가 봐도 하은님이 이겼네요!','2022-02-16 18:00:31',0,'2022-02-16 18:00:31',30,10),(8,'너무 귀여워요 ㅠㅠㅠㅠㅠㅠ 누가 복1인가요 ㅠㅠ','2022-02-16 18:00:57',0,'2022-02-16 18:00:57',8,8),(9,'라이언은 일자 눈썹이 생명이죠','2022-02-16 18:01:42',0,'2022-02-16 18:01:42',31,13),(10,'헉!! 너무 맛잇어보여요!!ㅠㅠ 쿠키 손이 참 많이가는데… 정말 부지런하시네요 ❤️','2022-02-16 18:02:00',0,'2022-02-16 18:02:00',5,8),(11,'이쪽이 더 닮지 않았나요??','2022-02-16 18:03:06',0,'2022-02-16 18:03:06',31,15),(12,'그냥 이게 더 귀여워요','2022-02-16 18:04:22',0,'2022-02-16 18:04:22',30,16),(13,'하은님 그림 너무 잘그려요!ㅎㅎ','2022-02-16 18:07:26',0,'2022-02-16 18:07:26',30,3),(14,'맛있겠다 떡볶이...','2022-02-16 18:10:07',0,'2022-02-16 18:10:07',1,19),(15,'놀러가고싶다!!','2022-02-16 18:10:28',0,'2022-02-16 18:10:28',6,19),(16,'한강가서... 맥주... 맥주가 먹고싶어요....','2022-02-16 18:12:00',0,'2022-02-16 18:12:00',2,11),(17,'여수 너무 재밋겠다!!','2022-02-16 18:12:31',0,'2022-02-16 18:12:31',6,11),(18,'한때는 유령도시였는데...','2022-02-16 18:12:53',0,'2022-02-16 18:12:53',11,11),(19,'맥주.... 알코올.... 한강가서 먹고싶다...','2022-02-16 18:13:31',0,'2022-02-16 18:13:31',16,11),(20,'마라탕 맛있겠어요ㅠㅠㅠ','2022-02-16 18:13:45',0,'2022-02-16 18:13:45',26,11),(21,'이게 더 귀여운데요?','2022-02-16 18:14:10',0,'2022-02-16 18:14:10',30,11),(22,'먀오....','2022-02-16 18:15:56',0,'2022-02-16 18:15:56',3,14),(23,'먀오.....먀오....','2022-02-16 18:16:05',0,'2022-02-16 18:16:05',5,14),(24,'먀오....','2022-02-16 18:16:30',0,'2022-02-16 18:16:30',12,14),(25,'ㅁr오....','2022-02-16 18:16:45',0,'2022-02-16 18:16:45',13,14),(26,'먀오 먀오 먀오...','2022-02-16 18:16:59',0,'2022-02-16 18:16:59',17,14),(27,'먀오?','2022-02-16 18:17:12',0,'2022-02-16 18:17:12',30,14),(28,'먀오 먀오 먀오....','2022-02-16 18:17:18',0,'2022-02-16 18:17:18',31,14),(29,'이게 뭐야!','2022-02-16 18:18:00',0,'2022-02-16 18:18:00',1,18),(30,'정말 형편없어!','2022-02-16 18:19:05',0,'2022-02-16 18:19:05',30,18),(31,'이건 좀 낫군','2022-02-16 18:19:11',0,'2022-02-16 18:19:11',31,18),(32,'너무 배고파요....','2022-02-16 18:21:21',0,'2022-02-16 18:21:21',17,13),(33,'뭐야? 먹는거네에?','2022-02-16 18:21:33',0,'2022-02-16 18:21:33',1,20),(34,'후추야 너 너무 귀엽다','2022-02-16 18:21:36',0,'2022-02-16 18:21:36',15,13),(35,'못먹는거잖아?','2022-02-16 18:21:42',0,'2022-02-16 18:21:42',2,20),(36,'뭐야? 먹는거네에?','2022-02-16 18:21:47',0,'2022-02-16 18:21:47',3,20),(37,'5시 반은 자는시간인데에?','2022-02-16 18:22:01',0,'2022-02-16 18:22:01',4,20),(38,'뭐야? 먹는거네에?','2022-02-16 18:22:05',0,'2022-02-16 18:22:05',5,20),(39,'인천 야경 대박인데요??','2022-02-16 18:22:09',0,'2022-02-16 18:22:09',11,13),(40,'못먹는거네에?','2022-02-16 18:22:18',0,'2022-02-16 18:22:18',6,20),(41,'뭐야? 먹는거네에?','2022-02-16 18:22:43',0,'2022-02-16 18:22:43',13,20),(42,'뭐야? 먹는거네에?','2022-02-16 18:23:01',0,'2022-02-16 18:23:01',17,20),(43,'뭐야? 먹는거네에?','2022-02-16 18:23:05',0,'2022-02-16 18:23:05',18,20),(44,'뭐야? 먹는거네에?','2022-02-16 18:23:08',0,'2022-02-16 18:23:08',19,20),(45,'뭐야? 먹는거네에?','2022-02-16 18:23:11',0,'2022-02-16 18:23:11',24,20),(46,'뭐야? 먹는거네에?','2022-02-16 18:23:17',0,'2022-02-16 18:23:17',26,20),(47,'뭐야? 먹는거네에?','2022-02-16 18:23:20',0,'2022-02-16 18:23:20',29,20),(48,'새벽 세시네? 햄버거 먹어야지!','2022-02-16 18:23:45',0,'2022-02-16 18:23:45',32,20),(49,'우와…. 맛있어보이네요 ㅠㅠ 멋지십니다!','2022-02-16 18:25:00',0,'2022-02-16 18:25:00',17,8),(50,'여수 밤바다~~','2022-02-16 18:30:25',0,'2022-02-16 18:30:25',6,13),(51,'이거 미미네 떡볶이 맞죠!!','2022-02-16 18:31:06',0,'2022-02-16 18:31:06',1,13),(52,'라이언은 몸통에 무늬가 있어야죠!','2022-02-16 18:52:15',0,'2022-02-16 18:52:15',31,7),(56,'마라탕 최고~~','2022-02-17 01:04:36',0,'2022-02-17 01:04:36',26,10),(57,'귀엽죠?','2022-02-17 01:08:16',0,'2022-02-17 01:08:16',7,6),(60,'포기하세요.','2022-02-17 01:11:31',0,'2022-02-17 01:11:31',33,12),(62,'ㅇㅇㅇ','2022-02-17 04:47:18',0,'2022-02-17 04:47:18',33,26),(63,'넘모 귀엽습니다','2022-02-17 07:59:42',0,'2022-02-17 07:59:42',37,6),(64,'와~~','2022-02-17 14:57:54',0,'2022-02-17 14:57:54',7,16),(65,'너무 귀엽습니다 엉엉','2022-02-17 15:14:52',0,'2022-02-17 15:14:52',8,8),(66,'귀여우어요','2022-02-17 16:13:45',0,'2022-02-17 16:13:45',8,8);
/*!40000 ALTER TABLE `comment` ENABLE KEYS */;
UNLOCK TABLES;

--
-- Table structure for table `comment_like`
--

DROP TABLE IF EXISTS `comment_like`;
/*!40101 SET @saved_cs_client     = @@character_set_client */;
/*!40101 SET character_set_client = utf8 */;
CREATE TABLE `comment_like` (
  `commentlike_no` int(11) NOT NULL AUTO_INCREMENT,
  `comment_no` int(11) DEFAULT NULL,
  `user_no` int(11) DEFAULT NULL,
  PRIMARY KEY (`commentlike_no`),
  KEY `FKqgrsb78cyuonudxg8o7hbg9xr` (`comment_no`),
  KEY `FK1w5e3luovyjah55ovupvewmq1` (`user_no`),
  CONSTRAINT `FK1w5e3luovyjah55ovupvewmq1` FOREIGN KEY (`user_no`) REFERENCES `user` (`user_no`),
  CONSTRAINT `FKqgrsb78cyuonudxg8o7hbg9xr` FOREIGN KEY (`comment_no`) REFERENCES `comment` (`comment_no`)
) ENGINE=InnoDB AUTO_INCREMENT=22 DEFAULT CHARSET=utf8mb3;
/*!40101 SET character_set_client = @saved_cs_client */;

--
-- Dumping data for table `comment_like`
--

LOCK TABLES `comment_like` WRITE;
/*!40000 ALTER TABLE `comment_like` DISABLE KEYS */;
INSERT INTO `comment_like` VALUES (2,12,4),(3,31,8),(4,21,13),(5,11,13),(7,46,10),(8,1,5),(10,46,5),(17,63,8),(18,57,29),(19,8,30),(21,8,8);
/*!40000 ALTER TABLE `comment_like` ENABLE KEYS */;
UNLOCK TABLES;

--
-- Table structure for table `follow`
--

DROP TABLE IF EXISTS `follow`;
/*!40101 SET @saved_cs_client     = @@character_set_client */;
/*!40101 SET character_set_client = utf8 */;
CREATE TABLE `follow` (
  `follow_no` int(11) NOT NULL AUTO_INCREMENT,
  `follow_follower_no` int(11) DEFAULT NULL,
  `follow_following_no` int(11) DEFAULT NULL,
  PRIMARY KEY (`follow_no`),
  KEY `FKkiesp55c4j0nwdamkpihtt4o4` (`follow_follower_no`),
  KEY `FKa22de1a9o9oga4scynvomh0to` (`follow_following_no`),
  CONSTRAINT `FKa22de1a9o9oga4scynvomh0to` FOREIGN KEY (`follow_following_no`) REFERENCES `user` (`user_no`),
  CONSTRAINT `FKkiesp55c4j0nwdamkpihtt4o4` FOREIGN KEY (`follow_follower_no`) REFERENCES `user` (`user_no`)
) ENGINE=InnoDB AUTO_INCREMENT=187 DEFAULT CHARSET=utf8mb3;
/*!40101 SET character_set_client = @saved_cs_client */;

--
-- Dumping data for table `follow`
--

LOCK TABLES `follow` WRITE;
/*!40000 ALTER TABLE `follow` DISABLE KEYS */;
INSERT INTO `follow` VALUES (2,10,15),(3,12,15),(7,10,16),(8,12,16),(12,13,7),(13,15,7),(14,8,7),(23,17,7),(24,3,7),(25,19,7),(26,11,7),(30,10,4),(31,12,4),(33,17,4),(39,10,25),(41,16,25),(42,17,25),(43,3,25),(48,25,21),(50,12,10),(51,19,10),(52,11,10),(53,14,10),(54,18,10),(55,8,10),(56,20,10),(57,3,12),(58,5,12),(64,5,8),(65,19,8),(66,11,8),(67,14,8),(68,18,8),(69,4,8),(70,20,8),(71,19,26),(72,11,26),(73,14,26),(74,18,26),(75,20,26),(76,12,12),(78,19,12),(79,11,12),(80,14,12),(81,18,12),(82,20,12),(92,1,9),(93,14,25),(94,18,25),(95,20,25),(96,8,25),(103,9,16),(104,1,16),(105,8,16),(106,7,16),(107,9,1),(108,16,1),(118,13,5),(119,15,5),(126,7,5),(127,13,19),(128,15,19),(129,8,19),(131,14,19),(132,18,19),(133,20,19),(134,7,19),(135,10,19),(136,12,19),(137,16,19),(138,17,19),(139,3,19),(140,19,19),(141,4,19),(142,10,5),(145,17,5),(146,3,5),(147,4,5),(149,5,4),(150,20,4),(151,4,4),(156,16,5),(157,6,5),(158,19,5),(159,11,5),(160,5,5),(161,12,3),(162,19,3),(163,11,3),(164,14,3),(165,18,3),(166,8,3),(167,20,3),(168,5,3),(169,9,2),(170,16,2),(171,6,2),(172,8,2),(173,9,6),(174,16,6),(175,6,6),(176,8,6),(179,9,4),(180,6,4),(182,5,30),(185,7,8);
/*!40000 ALTER TABLE `follow` ENABLE KEYS */;
UNLOCK TABLES;

--
-- Table structure for table `interest`
--

DROP TABLE IF EXISTS `interest`;
/*!40101 SET @saved_cs_client     = @@character_set_client */;
/*!40101 SET character_set_client = utf8 */;
CREATE TABLE `interest` (
  `interest_no` int(11) NOT NULL AUTO_INCREMENT,
  `tag_no` int(11) DEFAULT NULL,
  `user_no` int(11) DEFAULT NULL,
  PRIMARY KEY (`interest_no`),
  KEY `FK4yy1m96gv9vvv00fasn2y8ts4` (`tag_no`),
  KEY `FKt5r8iuupapv4j046nwir4ajny` (`user_no`),
  CONSTRAINT `FK4yy1m96gv9vvv00fasn2y8ts4` FOREIGN KEY (`tag_no`) REFERENCES `tag` (`tag_no`),
  CONSTRAINT `FKt5r8iuupapv4j046nwir4ajny` FOREIGN KEY (`user_no`) REFERENCES `user` (`user_no`)
) ENGINE=InnoDB AUTO_INCREMENT=62 DEFAULT CHARSET=utf8mb3;
/*!40101 SET character_set_client = @saved_cs_client */;

--
-- Dumping data for table `interest`
--

LOCK TABLES `interest` WRITE;
/*!40000 ALTER TABLE `interest` DISABLE KEYS */;
INSERT INTO `interest` VALUES (1,6,4),(3,17,5),(4,5,5),(6,31,6),(7,24,6),(8,2,6),(9,23,7),(11,15,7),(12,9,7),(13,44,8),(14,36,8),(15,17,8),(16,6,8),(17,83,10),(18,72,10),(19,62,10),(20,90,11),(21,81,11),(22,59,11),(23,38,11),(24,80,13),(25,69,13),(26,48,14),(27,49,14),(28,92,15),(29,81,15),(30,93,15),(31,72,16),(32,83,16),(33,82,16),(34,51,18),(35,52,18),(36,31,19),(37,20,20),(38,7,20),(39,3,20),(40,5,20),(41,96,26),(42,94,26),(43,3,12),(44,15,12),(45,18,12),(46,65,27),(47,94,27),(48,16,27),(49,9,27),(50,92,5),(51,91,5),(52,54,29),(53,75,29),(54,23,29),(55,94,30),(56,92,30),(57,74,30),(58,95,33),(59,58,33),(60,27,33),(61,47,33);
/*!40000 ALTER TABLE `interest` ENABLE KEYS */;
UNLOCK TABLES;

--
-- Table structure for table `media`
--

DROP TABLE IF EXISTS `media`;
/*!40101 SET @saved_cs_client     = @@character_set_client */;
/*!40101 SET character_set_client = utf8 */;
CREATE TABLE `media` (
  `file_no` int(11) NOT NULL AUTO_INCREMENT,
  `file_name` varchar(255) DEFAULT NULL,
  `file_path` varchar(255) DEFAULT NULL,
  `file_savedname` varchar(255) DEFAULT NULL,
  PRIMARY KEY (`file_no`)
) ENGINE=InnoDB AUTO_INCREMENT=66 DEFAULT CHARSET=utf8mb3;
/*!40101 SET character_set_client = @saved_cs_client */;

--
-- Dumping data for table `media`
--

LOCK TABLES `media` WRITE;
/*!40000 ALTER TABLE `media` DISABLE KEYS */;
INSERT INTO `media` VALUES (1,'dduck_pmj.png','output/media/20220217/000116','a70e89e629fcbd940b6f6328b497fbf1.png'),(2,'사진1.png','output/profile/20220217/000132','b310a3747ca568b86d1e803a5c10ead3.png'),(3,'han_pmj.png','output/media/20220217/000357','4204eeffadbd4bbc5aba9aed8cc78313.png'),(4,'f1_yj.png','output/media/20220217/000502','56d241ed6d96388dd412ac50ef9f0c4c.png'),(5,'사진2.png','output/profile/20220217/000519','ebbbf597c73b33f6153c7c75380125b9.png'),(6,'time_he.png','output/media/20220217/000753','27abc276ecf0fe38c64630f5ca5678a7.png'),(7,'f2_he.png','output/media/20220217/000917','400189bb4b89316635cebb44559e339e.png'),(8,'n1_he.png','output/media/20220217/001029','27a381546291a5018f1a8572f55a5322.png'),(9,'사진3.png','output/profile/20220217/001043','f20119d4b8a5e6c7c47868b368cfd524.png'),(10,'사진4.png','output/profile/20220217/001140','b3d8a778d272a65aba609813f8f2ed27.png'),(11,'사진6.png','output/profile/20220217/001154','f68fe79d3eabed2151f484abcef37329.png'),(12,'pu_hj.png','output/media/20220217/001411','de1c8c7ddba0d1d45f840817d7a0f7b4.png'),(13,'jin_ob.png','output/media/20220217/001605','8a89ba55ba2acaa25db59e0345765e7a.png'),(14,'사진4.png','output/profile/20220217/001628','b3d8a778d272a65aba609813f8f2ed27.png'),(15,'d1_pmj.png','output/media/20220217/001728','8a5a3ecdeea3161849324a9d4a3f48cf.png'),(16,'t1_mj.png','output/media/20220217/001845','d209ff41ee1f3f56b4b070e7c8daa25c.png'),(17,'n2_mj.png','output/media/20220217/002014','3ca2026cdb6960a2ed3ee41bf229e817.png'),(18,'n3_hj.png','output/media/20220217/002423','a348a71212d1b364b2dea164254182f2.png'),(19,'f3_hj.png','output/media/20220217/002538','bfb16629734c580de7575dbf6b3603a4.png'),(20,'m1_yj.jpg','output/media/20220217/002811','e75abec346f2780ecd3ce6b6ee2c7609.jpg'),(21,'d2_yj.png','output/media/20220217/002920','0f1625812c6acf1fda8483a97daac4b7.png'),(22,'n4_ob.png','output/media/20220217/003143','211cf00a78e0e83fec6f30f43ca0d753.png'),(23,'f4_ob.png','output/media/20220217/003313','79e568dd458317a5b91c5b0ced2b4ea7.png'),(24,'KakaoTalk_20220214_200904235.mp4','output/media/20220216/172122','8ce7a0f17d85308f72305626c7bda615'),(25,'KakaoTalk_20220214_192921210_hyejun.mp4','output/media/20220216/172745','048622e6febe488c361713a01ea67daf'),(30,'KakaoTalk_20220214_195642723_yujin.mp4','output/media/20220216/172851','b69cf2f7d8d00476dc5a9024714de423'),(32,'용기내챌린지 참여영상_haeun.mp4','output/media/20220216/173030','70be774dc4d5dae7074dfc8709d3d0fb'),(35,'KakaoTalk_20220214_195646852_minju.mp4','output/media/20220216/173327','6c55dc0c85d4fbbca19c7d59591b4ca5'),(36,'KakaoTalk_20220214_195646852.mp4','output/media/20220216/173933','ba45ee7743b29d67fda25ad24d433354'),(37,'KakaoTalk_20220214_195646852.mp4','output/media/20220216/174008','0c933404f4abc30dac21770dda73c713'),(38,'KakaoTalk_20220217_024126667.mp4','output/media/20220216/174144','8fbc0f080637afd8ab8586385c9d916b'),(39,'하은-라이언.PNG','output/media/20220216/174401','8099f79da18110f18228fa6c38f253d2.PNG'),(40,'n4_ob.png','output/media/20220216/175017','0374cb6cd566df28b3d721021c93758c.png'),(41,'mev.JPG','output/profile/20220216/175221','fc16b5b46f3bf2b56a44fd849bc65fbb.JPG'),(42,'개쩌는라이언.png','output/media/20220216/175603','2c2bd133438f0cf322bba9cd6e5715ac.png'),(43,'spongebob.png','output/profile/20220216/180113','1b2e69ca96a39897ad0f96df9bb8a508.png'),(44,'KakaoTalk_20220217_024646234.jpg','output/media/20220216/180121','782a5d85b8897a7c320683cc77898617.jpg'),(45,'pingping.jpg','output/profile/20220216/180311','85a8d5a261026fb40111466fb526e87b.jpg'),(46,'KakaoTalk_20220217_024423819.mp4','output/media/20220216/180331','34daa824f595c717c308616bd400794d'),(47,'23C78AC8-6137-4ADE-AE1E-EA96DE69D927.jpeg','output/profile/20220216/180406','0b97ea4f9b7f2ed932b018962b1b02aa.jpeg'),(48,'download.jpg','output/profile/20220216/180705','732765016e8689b3d1422876c71625ff.jpg'),(49,'daram.jpg','output/profile/20220216/180928','dbdacbe3dcc2fe89b54e764cdcfbeb39.jpg'),(50,'cat.png','output/profile/20220216/181048','6f496f6d9600047345e20320289117f8.png'),(51,'1645035222039.jpg','output/profile/20220216/181400','5a0036902d931b1caae68f527ee19dd8.jpg'),(52,'ddoong.jpg','output/profile/20220216/182121','d9fb84e60cd0a0e247ae4abe7239cd1f.jpg'),(53,'울면않되.png','output/media/20220217/001731','9d730e74f377128cbf2be6fa94b6a285.png'),(54,'쉿.jpeg','output/profile/20220217/003746','7e2e9872062e7b709eec037ca22dfd60.jpeg'),(55,'logo.PNG','output/profile/20220217/012429','68f24c3f4723800a2c3f2ab2f1e1fd21.PNG'),(56,'챌림픽 가상배경.png','output/profile/20220217/012536','966c0ceeb5f157ad162e82346d304a8e.png'),(57,'owl-g9429423a0_640.jpg','output/profile/20220217/012849','395717912287734c8489c5970570af06.jpg'),(58,'flower-g169151989_640.jpg','output/profile/20220217/012945','5b868b878fb4029c8ee97fa9f011985e.jpg'),(59,'colorpallet.PNG','output/media/20220217/024116','d2e573a16402edcd203ca33543d6dd6a.PNG'),(60,'gapissuereason.PNG','output/media/20220217/024135','e3d3adfba140508267424ebed55c445c.PNG'),(61,'28017477-0365-4a43-b546-008b603da621.jpg','output/media/20220217/043042','e05b8a25c3fbbe9ad10ca1e737a3eee3.jpg'),(63,'bird-gf4270fc48_640.jpg','output/profile/20220217/084720','9512d4222de03726d18624be3bf34675.jpg'),(64,'20191010_173400_595.jpg','output/profile/20220217/145029','2b38581927f7c324f013b7f1b521f7e7.jpg'),(65,'IMG_3868 (2).JPG','output/profile/20220217/153738','7f84bef48c30f91deab9bb38eac7342c.JPG');
/*!40000 ALTER TABLE `media` ENABLE KEYS */;
UNLOCK TABLES;

--
-- Table structure for table `post`
--

DROP TABLE IF EXISTS `post`;
/*!40101 SET @saved_cs_client     = @@character_set_client */;
/*!40101 SET character_set_client = utf8 */;
CREATE TABLE `post` (
  `post_no` int(11) NOT NULL AUTO_INCREMENT,
  `challenge_no` int(11) NOT NULL,
  `post_content` varchar(255) DEFAULT NULL,
  `post_regdate` timestamp NOT NULL DEFAULT current_timestamp(),
  `post_report` int(11) NOT NULL,
  `post_update` timestamp NOT NULL DEFAULT current_timestamp(),
  `file_no` int(11) DEFAULT NULL,
  `user_no` int(11) DEFAULT NULL,
  PRIMARY KEY (`post_no`),
  KEY `FKahkigmtksapy14v27pawejw9l` (`file_no`),
  KEY `FKsc38tg1hw5vac8j0nl1ux0oqc` (`user_no`),
  CONSTRAINT `FKahkigmtksapy14v27pawejw9l` FOREIGN KEY (`file_no`) REFERENCES `media` (`file_no`),
  CONSTRAINT `FKsc38tg1hw5vac8j0nl1ux0oqc` FOREIGN KEY (`user_no`) REFERENCES `user` (`user_no`)
) ENGINE=InnoDB AUTO_INCREMENT=39 DEFAULT CHARSET=utf8mb3;
/*!40101 SET character_set_client = @saved_cs_client */;

--
-- Dumping data for table `post`
--

LOCK TABLES `post` WRITE;
/*!40000 ALTER TABLE `post` DISABLE KEYS */;
INSERT INTO `post` VALUES (1,1,'떡볶이 JMT #떡볶이 #맛있다 #JMT #또_먹고싶다','2022-02-16 15:01:16',0,'2022-02-16 15:01:16',1,3),(2,2,'한강에서 찍은 사진 올려봅니다~ #한강 #야경 #너무_예뻐','2022-02-16 15:03:57',0,'2022-02-16 15:03:57',3,4),(3,1,'아침은 브런치 국룰 #브런치 #팬케이크 맞습니다~!~!','2022-02-16 15:05:03',0,'2022-02-16 15:05:03',4,4),(4,3,'#미라클모닝이 요즘 핫하다 해서 해봤습니다. #새벽5시30분기상  #피곤','2022-02-16 15:07:54',0,'2022-02-16 15:07:54',6,5),(5,1,'쿠...쿠키..맞다구요..!!! #쿠키 #요리 #모양은_이래도_맛은_일품 #JMT','2022-02-16 15:09:17',0,'2022-02-16 15:09:17',7,5),(6,2,'#여수 #야경 #여수밤바다 #야경맛집','2022-02-16 15:10:29',0,'2022-02-16 15:10:29',8,5),(7,4,'아롱이를 소개합니다 #푸들 #화난거아님 #애교쟁이 #반려견 #왕귀요미','2022-02-16 15:14:11',0,'2022-02-16 15:14:11',12,6),(8,4,'#복1 이와 #복3  #시골 #똥강아지 #반려견','2022-02-16 15:16:05',0,'2022-02-16 15:16:05',13,7),(9,4,'#가을이 보다 의자에 잘 앉는 사람 본 적 없음 #강아지 #강쥐','2022-02-16 15:17:29',0,'2022-02-16 15:17:29',15,3),(10,3,'#주말에 #일찍일어나다니 #어렵다 #미라클모닝 #아침형인간 #아니고 #저녁형인간 #시간관리 는 좋다','2022-02-16 15:18:45',0,'2022-02-16 15:18:45',16,3),(11,2,'인천 송도입니다! #인천 #송도 #야경 #야경명소 #센트럴파크 #사진','2022-02-16 15:20:14',0,'2022-02-16 15:20:14',17,3),(12,2,'#부산 #광안리 #야경 #야경맛집','2022-02-16 15:24:24',0,'2022-02-16 15:24:24',18,8),(13,1,'ㄴr는 가끔 ㄴrㅂㅔ를 만든다....⭐\r\n#청경채 #5인분같은1인분 #다이어트 #건강 #방콕요리사','2022-02-16 15:25:39',0,'2022-02-16 15:25:39',19,8),(14,3,'#동기부여도 되고 하루를 일찍 시작할 수 있어서 좋아요. 다들 #미라클모닝 하세요!! #자기계발 #기분좋은하루','2022-02-16 15:28:12',0,'2022-02-16 15:28:12',20,4),(15,4,'#후추 우승각 #강아지 #왕귀요미 #위너','2022-02-16 15:29:20',0,'2022-02-16 15:29:20',21,4),(16,2,'한강에서 산책하다가 찍었습니다.~ #한강 #롯데타워 #월드타워 #야경 #야경맛집','2022-02-16 15:31:43',0,'2022-02-16 15:31:43',40,7),(17,1,'다들 이렇게는 챙겨드시죠?? 집밥최고^_^ #집밥 #소소하게 #요리 #요리왕 #방콕요리사','2022-02-16 15:33:13',0,'2022-02-16 15:33:13',23,7),(18,5,'비가와도 #텀블러 에','2022-02-16 17:21:24',0,'2022-02-16 17:21:24',24,9),(19,5,'얼어죽어도 커피는 텀블러에.. #별다방 #거북이 #보호 #환경','2022-02-16 17:27:46',0,'2022-02-16 17:27:46',25,8),(24,5,'용기내 챌린지 나도 참여했다! #텀블러 #노플라스틱 #환경','2022-02-16 17:29:28',0,'2022-02-16 17:29:28',38,4),(26,5,'#용기 내서 #마라탕 #포장 하기 #환경지킴이','2022-02-16 17:30:44',0,'2022-02-16 17:30:44',32,5),(29,5,'#용기내 챌린지 참여~! 간단하게 커피부터 #도전 해봐야지 #환경 #환경을지키가 #일회용품줄이기','2022-02-16 17:33:32',0,'2022-02-16 17:33:32',35,3),(30,6,'제가 더 잘 그리지 않았나요? #대결 #그림왕','2022-02-16 17:44:02',0,'2022-02-16 17:44:02',39,5),(31,6,'여러분의 현명한 판단 기대하겠습니다. #우승은나의것','2022-02-16 17:56:04',0,'2022-02-16 17:56:04',42,6),(32,3,'#야근 하고 늦잠은 안될까요... #미라클모닝 은 실패할 듯...','2022-02-16 18:01:21',0,'2022-02-16 18:01:21',44,7),(33,5,'#얼죽아 포기할 뻔... #따아  #텀블러','2022-02-16 18:03:33',0,'2022-02-16 18:03:33',46,7),(37,4,'멍멍','2022-02-17 04:30:42',0,'2022-02-17 04:30:42',61,27);
/*!40000 ALTER TABLE `post` ENABLE KEYS */;
UNLOCK TABLES;

--
-- Table structure for table `post_like`
--

DROP TABLE IF EXISTS `post_like`;
/*!40101 SET @saved_cs_client     = @@character_set_client */;
/*!40101 SET character_set_client = utf8 */;
CREATE TABLE `post_like` (
  `like_no` int(11) NOT NULL AUTO_INCREMENT,
  `post_no` int(11) DEFAULT NULL,
  `user_no` int(11) DEFAULT NULL,
  PRIMARY KEY (`like_no`)
) ENGINE=InnoDB AUTO_INCREMENT=282 DEFAULT CHARSET=utf8mb3;
/*!40101 SET character_set_client = @saved_cs_client */;

--
-- Dumping data for table `post_like`
--

LOCK TABLES `post_like` WRITE;
/*!40000 ALTER TABLE `post_like` DISABLE KEYS */;
INSERT INTO `post_like` VALUES (1,26,3),(2,18,3),(3,17,3),(4,15,3),(5,14,3),(6,13,3),(11,19,5),(14,16,5),(15,15,5),(16,14,5),(17,13,5),(18,12,5),(19,11,5),(20,10,5),(21,9,5),(22,8,5),(23,29,4),(24,26,4),(25,19,4),(26,12,4),(27,11,4),(28,10,4),(29,9,4),(30,5,4),(31,4,4),(34,10,8),(35,30,10),(37,6,8),(38,5,8),(39,31,13),(40,30,12),(41,31,15),(43,30,16),(44,33,12),(45,29,12),(46,30,17),(48,30,3),(49,6,19),(50,5,19),(51,4,19),(52,3,19),(53,2,19),(55,7,19),(56,8,19),(57,9,19),(58,10,19),(59,11,19),(60,12,19),(61,13,19),(62,14,19),(63,15,19),(64,16,19),(65,17,19),(66,18,19),(67,19,19),(68,24,19),(69,26,19),(70,31,8),(71,29,19),(72,30,19),(74,32,19),(75,33,19),(76,1,11),(77,2,11),(78,3,11),(79,4,11),(80,5,11),(81,6,11),(82,11,11),(83,10,11),(84,9,11),(85,8,11),(86,7,11),(87,12,11),(88,13,11),(89,14,11),(90,15,11),(91,16,11),(92,17,11),(93,18,11),(94,19,11),(95,24,11),(96,26,11),(97,29,11),(98,30,11),(100,32,11),(101,33,11),(102,1,14),(103,2,14),(104,3,14),(105,4,14),(106,5,14),(107,6,14),(108,7,14),(109,8,14),(110,9,14),(111,10,14),(112,11,14),(113,12,14),(114,13,14),(115,14,14),(116,15,14),(117,16,14),(118,17,14),(119,18,14),(120,19,14),(121,24,14),(122,26,14),(123,29,14),(124,31,14),(125,32,14),(126,33,14),(128,2,18),(129,3,18),(130,4,18),(131,5,18),(132,6,18),(133,7,18),(134,8,18),(135,9,18),(136,10,18),(137,11,18),(138,12,18),(139,13,18),(140,14,18),(141,15,18),(142,16,18),(143,18,18),(144,19,18),(145,24,18),(146,26,18),(147,29,18),(149,31,18),(150,32,18),(151,33,18),(152,30,4),(153,1,19),(154,16,4),(155,17,13),(156,33,8),(157,32,8),(158,1,20),(159,2,20),(160,3,20),(161,11,13),(162,5,20),(163,4,20),(164,6,20),(165,7,20),(166,8,20),(167,9,20),(168,10,20),(169,11,20),(170,12,20),(171,13,20),(172,14,20),(173,15,20),(174,16,20),(175,17,20),(176,18,20),(177,19,20),(178,24,20),(179,26,20),(180,29,20),(182,31,20),(183,32,20),(184,33,20),(185,7,13),(186,6,13),(187,3,13),(188,1,13),(198,31,7),(200,34,21),(201,34,25),(203,34,12),(206,29,8),(215,35,1),(218,7,1),(219,8,1),(221,1,27),(222,37,9),(223,32,16),(224,37,16),(225,37,6),(231,8,7),(243,33,5),(245,18,5),(246,26,5),(247,37,8),(250,33,6),(251,32,6),(252,29,6),(253,26,6),(254,24,6),(255,19,6),(256,18,6),(257,17,6),(258,16,6),(259,15,6),(260,14,6),(261,13,6),(262,12,6),(263,11,6),(264,10,6),(265,9,6),(266,8,6),(267,7,6),(268,6,6),(269,5,6),(270,4,6),(271,3,6),(272,2,6),(273,1,6),(274,31,6),(275,19,29),(279,9,16),(280,7,16);
/*!40000 ALTER TABLE `post_like` ENABLE KEYS */;
UNLOCK TABLES;

--
-- Table structure for table `post_tag`
--

DROP TABLE IF EXISTS `post_tag`;
/*!40101 SET @saved_cs_client     = @@character_set_client */;
/*!40101 SET character_set_client = utf8 */;
CREATE TABLE `post_tag` (
  `post_tag_no` int(11) NOT NULL AUTO_INCREMENT,
  `post_no` int(11) DEFAULT NULL,
  `tag_no` int(11) DEFAULT NULL,
  PRIMARY KEY (`post_tag_no`),
  KEY `FKajvcbw21l5dcmgp9w6770rdw2` (`post_no`),
  KEY `FKbn960hsgcebl4skl6a57shu4u` (`tag_no`),
  CONSTRAINT `FKajvcbw21l5dcmgp9w6770rdw2` FOREIGN KEY (`post_no`) REFERENCES `post` (`post_no`),
  CONSTRAINT `FKbn960hsgcebl4skl6a57shu4u` FOREIGN KEY (`tag_no`) REFERENCES `tag` (`tag_no`)
) ENGINE=InnoDB AUTO_INCREMENT=123 DEFAULT CHARSET=utf8mb3;
/*!40101 SET character_set_client = @saved_cs_client */;

--
-- Dumping data for table `post_tag`
--

LOCK TABLES `post_tag` WRITE;
/*!40000 ALTER TABLE `post_tag` DISABLE KEYS */;
INSERT INTO `post_tag` VALUES (1,1,7),(2,1,8),(3,1,9),(4,1,10),(5,2,18),(6,2,13),(7,2,19),(8,3,20),(9,3,21),(10,4,28),(11,4,29),(12,4,30),(13,5,31),(14,5,5),(15,5,32),(16,5,9),(17,6,33),(18,6,13),(19,6,34),(20,6,17),(21,7,42),(22,7,43),(23,7,44),(24,7,40),(25,7,41),(26,8,45),(27,8,46),(28,8,47),(29,8,48),(30,8,40),(31,9,49),(32,9,38),(33,9,39),(34,10,50),(35,10,51),(36,10,52),(37,10,25),(38,10,26),(39,10,53),(40,10,54),(41,10,27),(42,11,55),(43,11,56),(44,11,13),(45,11,57),(46,11,58),(47,11,16),(48,12,59),(49,12,60),(50,12,13),(51,12,17),(52,13,61),(53,13,62),(54,13,63),(55,13,6),(56,14,64),(57,14,25),(58,14,24),(59,14,65),(60,15,66),(61,15,38),(62,15,41),(63,15,67),(64,16,18),(65,16,68),(66,16,69),(67,16,13),(68,16,17),(69,17,70),(70,17,71),(71,17,5),(72,17,72),(73,17,6),(74,18,79),(75,19,80),(76,19,81),(77,19,82),(78,19,75),(91,24,79),(92,24,83),(93,24,75),(97,26,74),(98,26,84),(99,26,85),(100,26,86),(109,29,77),(110,29,87),(111,29,75),(112,29,88),(113,29,76),(114,30,93),(115,31,94),(116,32,95),(117,32,25),(118,33,96),(119,33,97),(120,33,79);
/*!40000 ALTER TABLE `post_tag` ENABLE KEYS */;
UNLOCK TABLES;

--
-- Table structure for table `qna`
--

DROP TABLE IF EXISTS `qna`;
/*!40101 SET @saved_cs_client     = @@character_set_client */;
/*!40101 SET character_set_client = utf8 */;
CREATE TABLE `qna` (
  `qna_no` int(11) NOT NULL AUTO_INCREMENT,
  `qna_answer` varchar(255) DEFAULT NULL,
  `qna_answer_regdate` timestamp NOT NULL DEFAULT current_timestamp(),
  `qna_question` varchar(255) NOT NULL,
  `qna_question_regdate` timestamp NOT NULL DEFAULT current_timestamp(),
  `qna_title` varchar(255) NOT NULL,
  `user_no` int(11) DEFAULT NULL,
  PRIMARY KEY (`qna_no`),
  KEY `FK31ghchh0m0etr9lk7qe45bgs` (`user_no`),
  CONSTRAINT `FK31ghchh0m0etr9lk7qe45bgs` FOREIGN KEY (`user_no`) REFERENCES `user` (`user_no`)
) ENGINE=InnoDB DEFAULT CHARSET=utf8mb3;
/*!40101 SET character_set_client = @saved_cs_client */;

--
-- Dumping data for table `qna`
--

LOCK TABLES `qna` WRITE;
/*!40000 ALTER TABLE `qna` DISABLE KEYS */;
/*!40000 ALTER TABLE `qna` ENABLE KEYS */;
UNLOCK TABLES;

--
-- Table structure for table `search`
--

DROP TABLE IF EXISTS `search`;
/*!40101 SET @saved_cs_client     = @@character_set_client */;
/*!40101 SET character_set_client = utf8 */;
CREATE TABLE `search` (
  `search_no` int(11) NOT NULL AUTO_INCREMENT,
  `search_content` varchar(255) DEFAULT NULL,
  `search_regdate` timestamp NOT NULL DEFAULT current_timestamp(),
  `tag_content` varchar(255) DEFAULT NULL,
  `tag_no` int(11) NOT NULL,
  `user_no` int(11) DEFAULT NULL,
  PRIMARY KEY (`search_no`),
  KEY `FKrsyw61ybabudu5xxybtqrsd4h` (`user_no`),
  CONSTRAINT `FKrsyw61ybabudu5xxybtqrsd4h` FOREIGN KEY (`user_no`) REFERENCES `user` (`user_no`)
) ENGINE=InnoDB AUTO_INCREMENT=381 DEFAULT CHARSET=utf8mb3;
/*!40101 SET character_set_client = @saved_cs_client */;

--
-- Dumping data for table `search`
--

LOCK TABLES `search` WRITE;
/*!40000 ALTER TABLE `search` DISABLE KEYS */;
INSERT INTO `search` VALUES (1,'#어렵다','2022-02-16 17:35:52','#어렵다',52,6),(2,'#어렵다','2022-02-16 17:35:52','#어렵다',52,6),(3,'#어렵다','2022-02-16 17:35:54','#어렵다',52,6),(4,'#어렵다','2022-02-16 17:35:54','#어렵다',52,6),(5,'#레시피','2022-02-16 17:41:37','#레시피',3,5),(6,'#레시피','2022-02-16 17:41:37','#레시피',3,5),(7,'#미라클모닝','2022-02-16 17:41:53','#미라클모닝',25,5),(8,'#미라클모닝','2022-02-16 17:41:53','#미라클모닝',25,5),(9,'#자기계발','2022-02-16 17:41:58','#자기계발',24,5),(10,'#자기계발','2022-02-16 17:41:58','#자기계발',24,5),(11,'#자기계발','2022-02-16 17:42:00','#자기계발',24,5),(12,'#자기계발','2022-02-16 17:42:00','#자기계발',24,5),(13,'#야경사진','2022-02-16 17:42:06','#야경사진',15,5),(14,'#야경사진','2022-02-16 17:42:06','#야경사진',15,5),(15,'#라이언','2022-02-16 17:48:33','#라이언',90,6),(16,'#라이언','2022-02-16 17:48:33','#라이언',90,6),(17,'#자랑','2022-02-16 17:48:41','#자랑',4,6),(18,'#자랑','2022-02-16 17:48:41','#자랑',4,6),(19,'#그림','2022-02-16 17:48:50','#그림',92,6),(20,'#그림','2022-02-16 17:48:50','#그림',92,6),(21,'#용기내','2022-02-16 17:49:28','#용기내',77,6),(22,'#용기내','2022-02-16 17:49:28','#용기내',77,6),(23,'#레시피','2022-02-16 17:51:05','#레시피',3,8),(24,'#레시피','2022-02-16 17:51:05','#레시피',3,8),(25,'#따라그리기','2022-02-16 17:54:38','#따라그리기',91,8),(26,'#따라그리기','2022-02-16 17:54:38','#따라그리기',91,8),(27,'#따라그리기','2022-02-16 17:54:39','#따라그리기',91,8),(28,'#따라그리기','2022-02-16 17:54:39','#따라그리기',91,8),(29,'#따라그리기','2022-02-16 17:54:40','#따라그리기',91,8),(30,'#따라그리기','2022-02-16 17:54:40','#따라그리기',91,8),(31,'#미라클모닝','2022-02-16 18:04:01','#미라클모닝',25,14),(32,'#미라클모닝','2022-02-16 18:04:01','#미라클모닝',25,14),(33,'#미라클모닝','2022-02-16 18:04:03','#미라클모닝',25,14),(34,'#미라클모닝','2022-02-16 18:04:03','#미라클모닝',25,14),(35,'#미라클모닝','2022-02-16 18:04:10','#미라클모닝',25,14),(36,'#미라클모닝','2022-02-16 18:04:10','#미라클모닝',25,14),(37,'#이른_아침','2022-02-16 18:36:04','#이른_아침',23,7),(38,'#이른_아침','2022-02-16 18:36:04','#이른_아침',23,7),(39,'#레시피','2022-02-17 01:05:12','#레시피',3,8),(40,'#레시피','2022-02-17 01:05:12','#레시피',3,8),(41,'#배달_음식','2022-02-17 01:08:27','#배달_음식',2,8),(42,'#배달_음식','2022-02-17 01:08:27','#배달_음식',2,8),(43,'#용기','2022-02-17 01:12:51','#용기',74,2),(44,'#용기','2022-02-17 01:12:51','#용기',74,2),(45,'#라이언','2022-02-17 01:12:59','#라이언',90,10),(46,'#라이언','2022-02-17 01:12:59','#라이언',90,10),(47,'#라이언','2022-02-17 01:13:00','#라이언',90,10),(48,'#라이언','2022-02-17 01:13:00','#라이언',90,10),(49,'#라이언','2022-02-17 01:13:02','#라이언',90,10),(50,'#라이언','2022-02-17 01:13:02','#라이언',90,10),(51,'#배달_음식','2022-02-17 01:13:03','#배달_음식',2,10),(52,'#배달_음식','2022-02-17 01:13:03','#배달_음식',2,10),(53,'#배달_음식','2022-02-17 01:13:04','#배달_음식',2,10),(54,'#배달_음식','2022-02-17 01:13:04','#배달_음식',2,10),(55,'#자랑','2022-02-17 01:13:05','#자랑',4,10),(56,'#자랑','2022-02-17 01:13:05','#자랑',4,10),(57,'#자랑','2022-02-17 01:13:06','#자랑',4,10),(58,'#자랑','2022-02-17 01:13:06','#자랑',4,10),(59,'#자랑','2022-02-17 01:13:07','#자랑',4,10),(60,'#자랑','2022-02-17 01:13:07','#자랑',4,10),(61,'#배달_음식','2022-02-17 01:13:16','#배달_음식',2,12),(62,'#배달_음식','2022-02-17 01:13:16','#배달_음식',2,12),(63,'#배달_음식','2022-02-17 01:13:18','#배달_음식',2,12),(64,'#배달_음식','2022-02-17 01:13:18','#배달_음식',2,12),(65,'#배달_음식','2022-02-17 01:13:19','#배달_음식',2,12),(66,'#배달_음식','2022-02-17 01:13:19','#배달_음식',2,12),(67,'#얼죽아','2022-02-17 01:13:35','#얼죽아',96,6),(68,'#얼죽아','2022-02-17 01:13:35','#얼죽아',96,6),(69,'#얼죽아','2022-02-17 01:13:36','#얼죽아',96,6),(70,'#얼죽아','2022-02-17 01:13:36','#얼죽아',96,6),(71,'#요리','2022-02-17 01:15:56','#요리',5,8),(72,'#요리','2022-02-17 01:15:56','#요리',5,8),(73,'#자랑','2022-02-17 01:16:01','#자랑',4,8),(74,'#자랑','2022-02-17 01:16:01','#자랑',4,8),(75,'#레시피','2022-02-17 01:16:11','#레시피',3,8),(76,'#레시피','2022-02-17 01:16:11','#레시피',3,8),(77,'#레시피','2022-02-17 01:20:20','#레시피',3,8),(78,'#레시피','2022-02-17 01:20:20','#레시피',3,8),(79,'#강쥐','2022-02-17 01:22:25','#강쥐',39,8),(80,'#강쥐','2022-02-17 01:22:25','#강쥐',39,8),(81,'#떡볶이','2022-02-17 01:30:49','#떡볶이',7,5),(82,'#떡볶이','2022-02-17 01:30:49','#떡볶이',7,5),(83,'#떡볶이','2022-02-17 01:31:10','#떡볶이',7,5),(84,'#떡볶이','2022-02-17 01:31:10','#떡볶이',7,5),(85,'#요리','2022-02-17 01:31:12','#요리',5,5),(86,'#요리','2022-02-17 01:31:12','#요리',5,5),(87,'#요리','2022-02-17 01:31:43','#요리',5,5),(88,'#요리','2022-02-17 01:31:43','#요리',5,5),(89,'#배달_음식','2022-02-17 01:38:59','#배달_음식',2,8),(90,'#배달_음식','2022-02-17 01:38:59','#배달_음식',2,8),(91,'#배달_음식','2022-02-17 01:39:04','#배달_음식',2,8),(92,'#배달_음식','2022-02-17 01:39:04','#배달_음식',2,8),(93,'#레시피','2022-02-17 01:39:05','#레시피',3,8),(94,'#레시피','2022-02-17 01:39:05','#레시피',3,8),(95,'#그림','2022-02-17 01:39:20','#그림',92,5),(96,'#그림','2022-02-17 01:39:20','#그림',92,5),(97,'#레시피','2022-02-17 01:39:32','#레시피',3,12),(98,'#레시피','2022-02-17 01:39:32','#레시피',3,12),(99,'#방콕요리사','2022-02-17 01:39:40','#방콕요리사',6,8),(100,'#방콕요리사','2022-02-17 01:39:40','#방콕요리사',6,8),(101,'#요리','2022-02-17 01:40:12','#요리',5,8),(102,'#요리','2022-02-17 01:40:12','#요리',5,8),(103,'#배달_음식','2022-02-17 01:40:16','#배달_음식',2,8),(104,'#배달_음식','2022-02-17 01:40:16','#배달_음식',2,8),(105,'#레시피','2022-02-17 01:46:32','#레시피',3,8),(106,'#레시피','2022-02-17 01:46:32','#레시피',3,8),(107,'#배달_음식','2022-02-17 01:46:35','#배달_음식',2,8),(108,'#배달_음식','2022-02-17 01:46:35','#배달_음식',2,8),(109,'#방콕요리사','2022-02-17 01:47:39','#방콕요리사',6,8),(110,'#방콕요리사','2022-02-17 01:47:39','#방콕요리사',6,8),(111,'#레시피','2022-02-17 01:47:43','#레시피',3,8),(112,'#레시피','2022-02-17 01:47:43','#레시피',3,8),(113,'#배달_음식','2022-02-17 01:49:22','#배달_음식',2,8),(114,'#배달_음식','2022-02-17 01:49:22','#배달_음식',2,8),(115,'#요리','2022-02-17 01:50:41','#요리',5,25),(116,'#요리','2022-02-17 01:50:41','#요리',5,25),(117,'#자랑','2022-02-17 01:50:43','#자랑',4,25),(118,'#자랑','2022-02-17 01:50:43','#자랑',4,25),(119,'#배달_음식','2022-02-17 01:50:44','#배달_음식',2,25),(120,'#배달_음식','2022-02-17 01:50:44','#배달_음식',2,25),(121,'#배달_음식','2022-02-17 01:52:11','#배달_음식',2,25),(122,'#배달_음식','2022-02-17 01:52:11','#배달_음식',2,25),(123,'#레시피','2022-02-17 01:52:12','#레시피',3,25),(124,'#레시피','2022-02-17 01:52:13','#레시피',3,25),(125,'#자랑','2022-02-17 01:52:13','#자랑',4,25),(126,'#자랑','2022-02-17 01:52:13','#자랑',4,25),(127,'#그림','2022-02-17 01:57:17','#그림',92,5),(128,'#그림','2022-02-17 01:57:17','#그림',92,5),(129,'#그림','2022-02-17 02:00:07','#그림',92,5),(130,'#그림','2022-02-17 02:00:07','#그림',92,5),(131,'#레시피','2022-02-17 02:07:53','#레시피',3,1),(132,'#레시피','2022-02-17 02:07:53','#레시피',3,1),(133,'#배달_음식','2022-02-17 02:10:55','#배달_음식',2,1),(134,'#배달_음식','2022-02-17 02:10:55','#배달_음식',2,1),(135,'#방콕요리사','2022-02-17 02:11:03','#방콕요리사',6,1),(136,'#방콕요리사','2022-02-17 02:11:03','#방콕요리사',6,1),(137,'#방콕요리사','2022-02-17 02:11:40','#방콕요리사',6,1),(138,'#방콕요리사','2022-02-17 02:11:40','#방콕요리사',6,1),(139,'#레시피','2022-02-17 02:13:31','#레시피',3,1),(140,'#레시피','2022-02-17 02:13:31','#레시피',3,1),(141,'#레시피','2022-02-17 02:14:05','#레시피',3,1),(142,'#레시피','2022-02-17 02:14:05','#레시피',3,1),(143,'#배달_음식','2022-02-17 02:14:11','#배달_음식',2,1),(144,'#배달_음식','2022-02-17 02:14:11','#배달_음식',2,1),(145,'#배달_음식','2022-02-17 02:14:12','#배달_음식',2,1),(146,'#배달_음식','2022-02-17 02:14:12','#배달_음식',2,1),(147,'#자랑','2022-02-17 02:21:11','#자랑',4,8),(148,'#자랑','2022-02-17 02:21:11','#자랑',4,8),(149,'#레시피','2022-02-17 02:32:50','#레시피',3,8),(150,'#레시피','2022-02-17 02:32:50','#레시피',3,8),(151,'#배달_음식','2022-02-17 02:32:54','#배달_음식',2,8),(152,'#배달_음식','2022-02-17 02:32:54','#배달_음식',2,8),(153,'#레시피','2022-02-17 02:32:56','#레시피',3,8),(154,'#레시피','2022-02-17 02:32:56','#레시피',3,8),(155,'#레시피','2022-02-17 02:33:06','#레시피',3,8),(156,'#레시피','2022-02-17 02:33:06','#레시피',3,8),(157,'#레시피','2022-02-17 02:36:00','#레시피',3,8),(158,'#레시피','2022-02-17 02:36:00','#레시피',3,8),(159,'#요리','2022-02-17 02:36:04','#요리',5,8),(160,'#요리','2022-02-17 02:36:04','#요리',5,8),(161,'#야경','2022-02-17 03:06:13','#야경',13,1),(162,'#야경','2022-02-17 03:06:13','#야경',13,1),(163,'#자랑','2022-02-17 03:50:00','#자랑',4,1),(164,'#자랑','2022-02-17 03:50:00','#자랑',4,1),(165,'#맛있다','2022-02-17 03:50:06','#맛있다',8,1),(166,'#맛있다','2022-02-17 03:50:06','#맛있다',8,1),(167,'#새벽5시30분기상','2022-02-17 03:52:04','#새벽5시30분기상',29,8),(168,'#새벽5시30분기상','2022-02-17 03:52:04','#새벽5시30분기상',29,8),(169,'#새벽5시30분기상','2022-02-17 03:52:06','#새벽5시30분기상',29,8),(170,'#새벽5시30분기상','2022-02-17 03:52:06','#새벽5시30분기상',29,8),(171,'#새벽5시30분기상','2022-02-17 03:52:29','#새벽5시30분기상',29,8),(172,'#새벽5시30분기상','2022-02-17 03:52:29','#새벽5시30분기상',29,8),(173,'#자랑','2022-02-17 03:53:08','#자랑',4,8),(174,'#자랑','2022-02-17 03:53:08','#자랑',4,8),(175,'#레시피','2022-02-17 03:57:49','#레시피',3,1),(176,'#레시피','2022-02-17 03:57:49','#레시피',3,1),(177,'#자랑','2022-02-17 03:57:56','#자랑',4,1),(178,'#자랑','2022-02-17 03:57:56','#자랑',4,1),(179,'#레시피','2022-02-17 03:58:41','#레시피',3,1),(180,'#레시피','2022-02-17 03:58:41','#레시피',3,1),(181,'#방콕요리사','2022-02-17 03:58:46','#방콕요리사',6,1),(182,'#방콕요리사','2022-02-17 03:58:46','#방콕요리사',6,1),(183,'#방콕요리사','2022-02-17 03:58:47','#방콕요리사',6,1),(184,'#방콕요리사','2022-02-17 03:58:47','#방콕요리사',6,1),(185,'#방콕요리사','2022-02-17 03:59:01','#방콕요리사',6,1),(186,'#방콕요리사','2022-02-17 03:59:01','#방콕요리사',6,1),(187,'#배달_음식','2022-02-17 03:59:52','#배달_음식',2,1),(188,'#배달_음식','2022-02-17 03:59:52','#배달_음식',2,1),(189,'#배달_음식','2022-02-17 03:59:54','#배달_음식',2,1),(190,'#배달_음식','2022-02-17 03:59:54','#배달_음식',2,1),(191,'#배달_음식','2022-02-17 03:59:55','#배달_음식',2,1),(192,'#배달_음식','2022-02-17 03:59:55','#배달_음식',2,1),(193,'#배달_음식','2022-02-17 03:59:58','#배달_음식',2,1),(194,'#배달_음식','2022-02-17 03:59:58','#배달_음식',2,1),(195,'#자랑','2022-02-17 04:00:00','#자랑',4,1),(196,'#자랑','2022-02-17 04:00:00','#자랑',4,1),(197,'#자랑','2022-02-17 04:00:04','#자랑',4,1),(198,'#자랑','2022-02-17 04:00:04','#자랑',4,1),(199,'#자랑','2022-02-17 04:00:08','#자랑',4,1),(200,'#자랑','2022-02-17 04:00:08','#자랑',4,1),(201,'#떡볶이','2022-02-17 04:00:12','#떡볶이',7,1),(202,'#떡볶이','2022-02-17 04:00:12','#떡볶이',7,1),(203,'#요리','2022-02-17 04:10:13','#요리',5,8),(204,'#요리','2022-02-17 04:10:13','#요리',5,8),(205,'#요리','2022-02-17 04:10:17','#요리',5,8),(206,'#요리','2022-02-17 04:10:17','#요리',5,8),(207,'#요리','2022-02-17 04:11:23','#요리',5,8),(208,'#요리','2022-02-17 04:11:23','#요리',5,8),(209,'#용기내','2022-02-17 04:52:14','#용기내',77,6),(210,'#용기내','2022-02-17 04:52:14','#용기내',77,6),(211,'#용기내','2022-02-17 04:52:16','#용기내',77,6),(212,'#용기내','2022-02-17 04:52:16','#용기내',77,6),(213,'#요리','2022-02-17 05:02:11','#요리',5,5),(214,'#요리','2022-02-17 05:02:11','#요리',5,5),(215,'#그림','2022-02-17 05:15:32','#그림',92,5),(216,'#그림','2022-02-17 05:15:32','#그림',92,5),(217,'#그림','2022-02-17 05:18:15','#그림',92,5),(218,'#그림','2022-02-17 05:18:15','#그림',92,5),(219,'#따라그리기','2022-02-17 05:18:22','#따라그리기',91,5),(220,'#따라그리기','2022-02-17 05:18:22','#따라그리기',91,5),(221,'#그림','2022-02-17 05:19:59','#그림',92,6),(222,'#그림','2022-02-17 05:19:59','#그림',92,6),(223,'#그림','2022-02-17 05:20:12','#그림',92,6),(224,'#그림','2022-02-17 05:20:12','#그림',92,6),(225,'#그림','2022-02-17 05:20:14','#그림',92,6),(226,'#그림','2022-02-17 05:20:14','#그림',92,6),(227,'#그림','2022-02-17 05:20:52','#그림',92,6),(228,'#그림','2022-02-17 05:20:52','#그림',92,6),(229,'#그림','2022-02-17 05:21:00','#그림',92,6),(230,'#그림','2022-02-17 05:21:00','#그림',92,6),(231,'#그림','2022-02-17 05:21:02','#그림',92,6),(232,'#그림','2022-02-17 05:21:02','#그림',92,6),(233,'#그림','2022-02-17 05:21:03','#그림',92,6),(234,'#그림','2022-02-17 05:21:03','#그림',92,6),(235,'#그림','2022-02-17 05:21:04','#그림',92,6),(236,'#그림','2022-02-17 05:21:04','#그림',92,6),(237,'#그림','2022-02-17 05:21:04','#그림',92,6),(238,'#그림','2022-02-17 05:21:04','#그림',92,6),(239,'#그림','2022-02-17 05:21:05','#그림',92,6),(240,'#그림','2022-02-17 05:21:05','#그림',92,6),(241,'#강아지','2022-02-17 07:29:33','#강아지',38,6),(242,'#강아지','2022-02-17 07:29:33','#강아지',38,6),(243,'#똥강아지','2022-02-17 07:29:41','#똥강아지',48,6),(244,'#똥강아지','2022-02-17 07:29:41','#똥강아지',48,6),(245,'#자랑','2022-02-17 07:29:46','#자랑',4,6),(246,'#자랑','2022-02-17 07:29:46','#자랑',4,6),(247,'#그림','2022-02-17 07:50:51','#그림',92,5),(248,'#그림','2022-02-17 07:50:51','#그림',92,5),(249,'#우리집_강아지','2022-02-17 07:59:12','#우리집_강아지',36,6),(250,'#우리집_강아지','2022-02-17 07:59:12','#우리집_강아지',36,6),(251,'#우리집_강아지','2022-02-17 07:59:15','#우리집_강아지',36,6),(252,'#우리집_강아지','2022-02-17 07:59:15','#우리집_강아지',36,6),(253,'#우리집_강아지','2022-02-17 07:59:17','#우리집_강아지',36,6),(254,'#우리집_강아지','2022-02-17 07:59:17','#우리집_강아지',36,6),(255,'#그림','2022-02-17 08:15:12','#그림',92,5),(256,'#그림','2022-02-17 08:15:12','#그림',92,5),(257,'#요리','2022-02-17 08:15:34','#요리',5,5),(258,'#요리','2022-02-17 08:15:34','#요리',5,5),(259,'#요리','2022-02-17 08:15:55','#요리',5,5),(260,'#요리','2022-02-17 08:15:55','#요리',5,5),(261,'#요리','2022-02-17 08:16:10','#요리',5,5),(262,'#요리','2022-02-17 08:16:10','#요리',5,5),(263,'#야경','2022-02-17 08:16:15','#야경',13,16),(264,'#야경','2022-02-17 08:16:15','#야경',13,16),(265,'#요리','2022-02-17 08:16:17','#요리',5,5),(266,'#요리','2022-02-17 08:16:17','#요리',5,5),(267,'#요리','2022-02-17 08:16:24','#요리',5,5),(268,'#요리','2022-02-17 08:16:24','#요리',5,5),(269,'#요리','2022-02-17 08:16:29','#요리',5,5),(270,'#요리','2022-02-17 08:16:29','#요리',5,5),(271,'#요리','2022-02-17 08:16:35','#요리',5,5),(272,'#요리','2022-02-17 08:16:35','#요리',5,5),(273,'#복3','2022-02-17 08:16:39','#복3',46,7),(274,'#복3','2022-02-17 08:16:39','#복3',46,7),(275,'#요리','2022-02-17 08:16:40','#요리',5,5),(276,'#요리','2022-02-17 08:16:40','#요리',5,5),(277,'#복3','2022-02-17 08:16:41','#복3',46,7),(278,'#복3','2022-02-17 08:16:41','#복3',46,7),(279,'#요리','2022-02-17 08:16:43','#요리',5,5),(280,'#요리','2022-02-17 08:16:43','#요리',5,5),(281,'#요리','2022-02-17 08:16:45','#요리',5,5),(282,'#요리','2022-02-17 08:16:45','#요리',5,5),(283,'#야경','2022-02-17 08:16:53','#야경',13,16),(284,'#야경','2022-02-17 08:16:53','#야경',13,16),(285,'#요리','2022-02-17 08:17:16','#요리',5,5),(286,'#요리','2022-02-17 08:17:16','#요리',5,5),(287,'#요리','2022-02-17 08:17:31','#요리',5,5),(288,'#요리','2022-02-17 08:17:31','#요리',5,5),(289,'#요리','2022-02-17 08:17:36','#요리',5,5),(290,'#요리','2022-02-17 08:17:36','#요리',5,5),(291,'#따라그리기','2022-02-17 08:18:12','#따라그리기',91,5),(292,'#따라그리기','2022-02-17 08:18:12','#따라그리기',91,5),(293,'#야경맛집','2022-02-17 08:18:22','#야경맛집',17,5),(294,'#야경맛집','2022-02-17 08:18:22','#야경맛집',17,5),(295,'#야경맛집','2022-02-17 08:18:38','#야경맛집',17,5),(296,'#야경맛집','2022-02-17 08:18:38','#야경맛집',17,5),(297,'#야경맛집','2022-02-17 08:18:46','#야경맛집',17,5),(298,'#야경맛집','2022-02-17 08:18:46','#야경맛집',17,5),(299,'#그림','2022-02-17 08:38:23','#그림',92,5),(300,'#그림','2022-02-17 08:38:23','#그림',92,5),(301,'#그림','2022-02-17 08:48:05','#그림',92,6),(302,'#그림','2022-02-17 08:48:05','#그림',92,6),(303,'#그림','2022-02-17 08:54:12','#그림',92,5),(304,'#그림','2022-02-17 08:54:12','#그림',92,5),(305,'#그림','2022-02-17 08:54:18','#그림',92,5),(306,'#그림','2022-02-17 08:54:18','#그림',92,5),(307,'#그림','2022-02-17 09:01:22','#그림',92,5),(308,'#그림','2022-02-17 09:01:22','#그림',92,5),(309,'#배달_음식','2022-02-17 09:10:45','#배달_음식',2,6),(310,'#배달_음식','2022-02-17 09:10:45','#배달_음식',2,6),(311,'#용기','2022-02-17 09:10:51','#용기',74,6),(312,'#용기','2022-02-17 09:10:51','#용기',74,6),(313,'#용기','2022-02-17 09:10:53','#용기',74,6),(314,'#용기','2022-02-17 09:10:53','#용기',74,6),(315,'#용기내','2022-02-17 09:13:37','#용기내',77,6),(316,'#용기내','2022-02-17 09:13:37','#용기내',77,6),(317,'#용기내','2022-02-17 09:13:51','#용기내',77,6),(318,'#용기내','2022-02-17 09:13:51','#용기내',77,6),(319,'#화난거아님','2022-02-17 09:13:53','#화난거아님',43,4),(320,'#화난거아님','2022-02-17 09:13:53','#화난거아님',43,4),(321,'#왕귀요미','2022-02-17 09:14:35','#왕귀요미',41,4),(322,'#왕귀요미','2022-02-17 09:14:35','#왕귀요미',41,4),(323,'#왕귀요미','2022-02-17 09:15:47','#왕귀요미',41,4),(324,'#왕귀요미','2022-02-17 09:15:47','#왕귀요미',41,4),(325,'#반려견','2022-02-17 09:20:27','#반려견',40,4),(326,'#반려견','2022-02-17 09:20:27','#반려견',40,4),(327,'#한강','2022-02-17 09:40:11','#한강',18,3),(328,'#한강','2022-02-17 09:40:11','#한강',18,3),(329,'#용기내','2022-02-17 09:40:17','#용기내',77,3),(330,'#용기내','2022-02-17 09:40:17','#용기내',77,3),(331,'#용기내','2022-02-17 09:42:17','#용기내',77,3),(332,'#용기내','2022-02-17 09:42:17','#용기내',77,3),(333,'#용기내','2022-02-17 09:42:21','#용기내',77,3),(334,'#용기내','2022-02-17 09:42:22','#용기내',77,3),(335,'#우리집_강아지','2022-02-17 10:21:33','#우리집_강아지',36,6),(336,'#우리집_강아지','2022-02-17 10:21:33','#우리집_강아지',36,6),(337,'#그림','2022-02-17 10:57:25','#그림',92,6),(338,'#그림','2022-02-17 10:57:25','#그림',92,6),(339,'#배달_음식','2022-02-17 13:05:19','#배달_음식',2,8),(340,'#배달_음식','2022-02-17 13:05:20','#배달_음식',2,8),(341,'#환경','2022-02-17 13:28:32','#환경',75,29),(342,'#환경','2022-02-17 13:28:32','#환경',75,29),(343,'#환경','2022-02-17 13:28:32','#환경',75,30),(344,'#환경','2022-02-17 13:28:32','#환경',75,30),(345,'#환경','2022-02-17 13:28:52','#환경',75,29),(346,'#환경','2022-02-17 13:28:52','#환경',75,29),(347,'#환경','2022-02-17 13:28:56','#환경',75,30),(348,'#환경','2022-02-17 13:28:56','#환경',75,30),(349,'#환경','2022-02-17 13:29:24','#환경',75,29),(350,'#환경','2022-02-17 13:29:24','#환경',75,29),(351,'#배달_음식','2022-02-17 14:10:30','#배달_음식',2,6),(352,'#배달_음식','2022-02-17 14:10:30','#배달_음식',2,6),(353,'#배달_음식','2022-02-17 14:12:20','#배달_음식',2,6),(354,'#배달_음식','2022-02-17 14:12:20','#배달_음식',2,6),(355,'#배달_음식','2022-02-17 14:37:18','#배달_음식',2,6),(356,'#배달_음식','2022-02-17 14:37:18','#배달_음식',2,6),(357,'#용기내','2022-02-17 15:39:12','#용기내',77,8),(358,'#용기내','2022-02-17 15:39:12','#용기내',77,8),(359,'#야경','2022-02-17 15:47:56','#야경',13,16),(360,'#야경','2022-02-17 15:47:56','#야경',13,16),(361,'#야경','2022-02-17 15:57:43','#야경',13,16),(362,'#야경','2022-02-17 15:57:43','#야경',13,16),(363,'#배달_음식','2022-02-17 16:10:48','#배달_음식',2,8),(364,'#배달_음식','2022-02-17 16:10:48','#배달_음식',2,8),(365,'#레시피','2022-02-17 16:11:04','#레시피',3,8),(366,'#레시피','2022-02-17 16:11:04','#레시피',3,8),(367,'#용기내','2022-02-17 16:11:12','#용기내',77,8),(368,'#용기내','2022-02-17 16:11:12','#용기내',77,8),(369,'#용기내','2022-02-17 16:42:58','#용기내',77,8),(370,'#용기내','2022-02-17 16:42:58','#용기내',77,8),(371,'#용기내','2022-02-17 16:48:49','#용기내',77,8),(372,'#용기내','2022-02-17 16:48:49','#용기내',77,8),(373,'#용기내','2022-02-17 16:54:16','#용기내',77,8),(374,'#용기내','2022-02-17 16:54:16','#용기내',77,8),(375,'#용기내','2022-02-17 17:01:18','#용기내',77,8),(376,'#용기내','2022-02-17 17:01:18','#용기내',77,8),(377,'#용기내','2022-02-17 17:06:51','#용기내',77,8),(378,'#용기내','2022-02-17 17:06:51','#용기내',77,8),(379,'#환경','2022-02-17 17:07:35','#환경',75,8),(380,'#환경','2022-02-17 17:07:35','#환경',75,8);
/*!40000 ALTER TABLE `search` ENABLE KEYS */;
UNLOCK TABLES;

--
-- Table structure for table `search_challenge`
--

DROP TABLE IF EXISTS `search_challenge`;
/*!40101 SET @saved_cs_client     = @@character_set_client */;
/*!40101 SET character_set_client = utf8 */;
CREATE TABLE `search_challenge` (
  `search_challenge_no` int(11) NOT NULL AUTO_INCREMENT,
  `search_regdate` timestamp NOT NULL DEFAULT current_timestamp(),
  `challenge_no` int(11) DEFAULT NULL,
  `user_no` int(11) DEFAULT NULL,
  PRIMARY KEY (`search_challenge_no`),
  KEY `FK5ps1tbtpg3sqgaj0lc2qu8dgb` (`challenge_no`),
  KEY `FK63nelr42s5nd5vm65unbf9n8s` (`user_no`),
  CONSTRAINT `FK5ps1tbtpg3sqgaj0lc2qu8dgb` FOREIGN KEY (`challenge_no`) REFERENCES `challenge` (`challenge_no`),
  CONSTRAINT `FK63nelr42s5nd5vm65unbf9n8s` FOREIGN KEY (`user_no`) REFERENCES `user` (`user_no`)
) ENGINE=InnoDB AUTO_INCREMENT=349 DEFAULT CHARSET=utf8mb3;
/*!40101 SET character_set_client = @saved_cs_client */;

--
-- Dumping data for table `search_challenge`
--

LOCK TABLES `search_challenge` WRITE;
/*!40000 ALTER TABLE `search_challenge` DISABLE KEYS */;
INSERT INTO `search_challenge` VALUES (1,'2022-02-16 17:41:37',1,5),(2,'2022-02-16 17:41:37',1,5),(3,'2022-02-16 17:41:53',3,5),(4,'2022-02-16 17:41:53',3,5),(5,'2022-02-16 17:41:58',3,5),(6,'2022-02-16 17:41:58',3,5),(7,'2022-02-16 17:42:00',3,5),(8,'2022-02-16 17:42:00',3,5),(9,'2022-02-16 17:42:06',2,5),(10,'2022-02-16 17:42:06',2,5),(11,'2022-02-16 17:48:33',6,6),(12,'2022-02-16 17:48:33',6,6),(13,'2022-02-16 17:48:41',1,6),(14,'2022-02-16 17:48:41',1,6),(15,'2022-02-16 17:48:50',6,6),(16,'2022-02-16 17:48:50',6,6),(17,'2022-02-16 17:49:28',5,6),(18,'2022-02-16 17:49:28',5,6),(19,'2022-02-16 17:51:05',1,8),(20,'2022-02-16 17:51:05',1,8),(21,'2022-02-16 17:54:38',6,8),(22,'2022-02-16 17:54:38',6,8),(23,'2022-02-16 17:54:39',6,8),(24,'2022-02-16 17:54:39',6,8),(25,'2022-02-16 17:54:40',6,8),(26,'2022-02-16 17:54:40',6,8),(27,'2022-02-16 18:04:01',3,14),(28,'2022-02-16 18:04:01',3,14),(29,'2022-02-16 18:04:03',3,14),(30,'2022-02-16 18:04:03',3,14),(31,'2022-02-16 18:04:10',3,14),(32,'2022-02-16 18:04:10',3,14),(33,'2022-02-16 18:36:04',3,7),(34,'2022-02-16 18:36:04',3,7),(35,'2022-02-17 01:05:12',1,8),(36,'2022-02-17 01:05:12',1,8),(37,'2022-02-17 01:08:27',1,8),(38,'2022-02-17 01:08:27',1,8),(39,'2022-02-17 01:12:51',5,2),(40,'2022-02-17 01:12:51',5,2),(41,'2022-02-17 01:12:59',6,10),(42,'2022-02-17 01:12:59',6,10),(43,'2022-02-17 01:13:00',6,10),(44,'2022-02-17 01:13:00',6,10),(45,'2022-02-17 01:13:02',6,10),(46,'2022-02-17 01:13:02',6,10),(47,'2022-02-17 01:13:03',1,10),(48,'2022-02-17 01:13:03',1,10),(49,'2022-02-17 01:13:04',1,10),(50,'2022-02-17 01:13:04',1,10),(51,'2022-02-17 01:13:05',1,10),(52,'2022-02-17 01:13:05',1,10),(53,'2022-02-17 01:13:06',1,10),(54,'2022-02-17 01:13:06',1,10),(55,'2022-02-17 01:13:07',1,10),(56,'2022-02-17 01:13:07',1,10),(57,'2022-02-17 01:13:16',1,12),(58,'2022-02-17 01:13:16',1,12),(59,'2022-02-17 01:13:18',1,12),(60,'2022-02-17 01:13:18',1,12),(61,'2022-02-17 01:13:19',1,12),(62,'2022-02-17 01:13:19',1,12),(63,'2022-02-17 01:15:56',1,8),(64,'2022-02-17 01:15:56',1,8),(65,'2022-02-17 01:16:01',1,8),(66,'2022-02-17 01:16:01',1,8),(67,'2022-02-17 01:16:11',1,8),(68,'2022-02-17 01:16:11',1,8),(69,'2022-02-17 01:20:20',1,8),(70,'2022-02-17 01:20:20',1,8),(71,'2022-02-17 01:22:25',4,8),(72,'2022-02-17 01:22:25',4,8),(73,'2022-02-17 01:31:12',1,5),(74,'2022-02-17 01:31:12',1,5),(75,'2022-02-17 01:31:43',1,5),(76,'2022-02-17 01:31:43',1,5),(77,'2022-02-17 01:38:59',1,8),(78,'2022-02-17 01:38:59',1,8),(79,'2022-02-17 01:39:04',1,8),(80,'2022-02-17 01:39:04',1,8),(81,'2022-02-17 01:39:05',1,8),(82,'2022-02-17 01:39:05',1,8),(83,'2022-02-17 01:39:20',6,5),(84,'2022-02-17 01:39:20',6,5),(85,'2022-02-17 01:39:32',1,12),(86,'2022-02-17 01:39:32',1,12),(87,'2022-02-17 01:39:40',1,8),(88,'2022-02-17 01:39:40',1,8),(89,'2022-02-17 01:40:12',1,8),(90,'2022-02-17 01:40:12',1,8),(91,'2022-02-17 01:40:16',1,8),(92,'2022-02-17 01:40:16',1,8),(93,'2022-02-17 01:46:32',1,8),(94,'2022-02-17 01:46:32',1,8),(95,'2022-02-17 01:46:35',1,8),(96,'2022-02-17 01:46:35',1,8),(97,'2022-02-17 01:47:39',1,8),(98,'2022-02-17 01:47:39',1,8),(99,'2022-02-17 01:47:43',1,8),(100,'2022-02-17 01:47:43',1,8),(101,'2022-02-17 01:49:22',1,8),(102,'2022-02-17 01:49:22',1,8),(103,'2022-02-17 01:50:41',1,25),(104,'2022-02-17 01:50:41',1,25),(105,'2022-02-17 01:50:43',1,25),(106,'2022-02-17 01:50:43',1,25),(107,'2022-02-17 01:50:44',1,25),(108,'2022-02-17 01:50:44',1,25),(109,'2022-02-17 01:52:11',1,25),(110,'2022-02-17 01:52:11',1,25),(111,'2022-02-17 01:52:12',1,25),(112,'2022-02-17 01:52:13',1,25),(113,'2022-02-17 01:52:13',1,25),(114,'2022-02-17 01:52:13',1,25),(115,'2022-02-17 01:57:17',6,5),(116,'2022-02-17 01:57:17',6,5),(117,'2022-02-17 02:00:07',6,5),(118,'2022-02-17 02:00:07',6,5),(119,'2022-02-17 02:07:53',1,1),(120,'2022-02-17 02:07:53',1,1),(121,'2022-02-17 02:10:55',1,1),(122,'2022-02-17 02:10:55',1,1),(123,'2022-02-17 02:11:03',1,1),(124,'2022-02-17 02:11:03',1,1),(125,'2022-02-17 02:11:40',1,1),(126,'2022-02-17 02:11:40',1,1),(127,'2022-02-17 02:13:31',1,1),(128,'2022-02-17 02:13:31',1,1),(129,'2022-02-17 02:14:05',1,1),(130,'2022-02-17 02:14:05',1,1),(131,'2022-02-17 02:14:11',1,1),(132,'2022-02-17 02:14:11',1,1),(133,'2022-02-17 02:14:12',1,1),(134,'2022-02-17 02:14:12',1,1),(135,'2022-02-17 02:21:11',1,8),(136,'2022-02-17 02:21:11',1,8),(137,'2022-02-17 02:32:50',1,8),(138,'2022-02-17 02:32:50',1,8),(139,'2022-02-17 02:32:54',1,8),(140,'2022-02-17 02:32:54',1,8),(141,'2022-02-17 02:32:56',1,8),(142,'2022-02-17 02:32:56',1,8),(143,'2022-02-17 02:33:06',1,8),(144,'2022-02-17 02:33:06',1,8),(145,'2022-02-17 02:36:00',1,8),(146,'2022-02-17 02:36:00',1,8),(147,'2022-02-17 02:36:04',1,8),(148,'2022-02-17 02:36:04',1,8),(149,'2022-02-17 03:06:13',2,1),(150,'2022-02-17 03:06:13',2,1),(151,'2022-02-17 03:50:00',1,1),(152,'2022-02-17 03:50:00',1,1),(153,'2022-02-17 03:53:08',1,8),(154,'2022-02-17 03:53:08',1,8),(155,'2022-02-17 03:57:49',1,1),(156,'2022-02-17 03:57:49',1,1),(157,'2022-02-17 03:57:56',1,1),(158,'2022-02-17 03:57:56',1,1),(159,'2022-02-17 03:58:41',1,1),(160,'2022-02-17 03:58:41',1,1),(161,'2022-02-17 03:58:46',1,1),(162,'2022-02-17 03:58:46',1,1),(163,'2022-02-17 03:58:47',1,1),(164,'2022-02-17 03:58:47',1,1),(165,'2022-02-17 03:59:01',1,1),(166,'2022-02-17 03:59:01',1,1),(167,'2022-02-17 03:59:52',1,1),(168,'2022-02-17 03:59:52',1,1),(169,'2022-02-17 03:59:54',1,1),(170,'2022-02-17 03:59:54',1,1),(171,'2022-02-17 03:59:55',1,1),(172,'2022-02-17 03:59:55',1,1),(173,'2022-02-17 03:59:58',1,1),(174,'2022-02-17 03:59:58',1,1),(175,'2022-02-17 04:00:00',1,1),(176,'2022-02-17 04:00:00',1,1),(177,'2022-02-17 04:00:04',1,1),(178,'2022-02-17 04:00:04',1,1),(179,'2022-02-17 04:00:08',1,1),(180,'2022-02-17 04:00:08',1,1),(181,'2022-02-17 04:10:13',1,8),(182,'2022-02-17 04:10:13',1,8),(183,'2022-02-17 04:10:17',1,8),(184,'2022-02-17 04:10:17',1,8),(185,'2022-02-17 04:11:23',1,8),(186,'2022-02-17 04:11:23',1,8),(187,'2022-02-17 04:52:14',5,6),(188,'2022-02-17 04:52:14',5,6),(189,'2022-02-17 04:52:16',5,6),(190,'2022-02-17 04:52:16',5,6),(191,'2022-02-17 05:02:11',1,5),(192,'2022-02-17 05:02:11',1,5),(193,'2022-02-17 05:15:32',6,5),(194,'2022-02-17 05:15:32',6,5),(195,'2022-02-17 05:18:15',6,5),(196,'2022-02-17 05:18:15',6,5),(197,'2022-02-17 05:18:22',6,5),(198,'2022-02-17 05:18:22',6,5),(199,'2022-02-17 05:19:59',6,6),(200,'2022-02-17 05:19:59',6,6),(201,'2022-02-17 05:20:12',6,6),(202,'2022-02-17 05:20:12',6,6),(203,'2022-02-17 05:20:14',6,6),(204,'2022-02-17 05:20:14',6,6),(205,'2022-02-17 05:20:52',6,6),(206,'2022-02-17 05:20:52',6,6),(207,'2022-02-17 05:21:00',6,6),(208,'2022-02-17 05:21:00',6,6),(209,'2022-02-17 05:21:02',6,6),(210,'2022-02-17 05:21:02',6,6),(211,'2022-02-17 05:21:03',6,6),(212,'2022-02-17 05:21:03',6,6),(213,'2022-02-17 05:21:04',6,6),(214,'2022-02-17 05:21:04',6,6),(215,'2022-02-17 05:21:04',6,6),(216,'2022-02-17 05:21:04',6,6),(217,'2022-02-17 05:21:05',6,6),(218,'2022-02-17 05:21:05',6,6),(219,'2022-02-17 07:29:33',4,6),(220,'2022-02-17 07:29:33',4,6),(221,'2022-02-17 07:29:46',1,6),(222,'2022-02-17 07:29:46',1,6),(223,'2022-02-17 07:50:51',6,5),(224,'2022-02-17 07:50:51',6,5),(225,'2022-02-17 07:59:12',4,6),(226,'2022-02-17 07:59:12',4,6),(227,'2022-02-17 07:59:15',4,6),(228,'2022-02-17 07:59:15',4,6),(229,'2022-02-17 07:59:17',4,6),(230,'2022-02-17 07:59:17',4,6),(231,'2022-02-17 08:15:12',6,5),(232,'2022-02-17 08:15:12',6,5),(233,'2022-02-17 08:15:34',1,5),(234,'2022-02-17 08:15:34',1,5),(235,'2022-02-17 08:15:55',1,5),(236,'2022-02-17 08:15:55',1,5),(237,'2022-02-17 08:16:10',1,5),(238,'2022-02-17 08:16:10',1,5),(239,'2022-02-17 08:16:15',2,16),(240,'2022-02-17 08:16:15',2,16),(241,'2022-02-17 08:16:17',1,5),(242,'2022-02-17 08:16:17',1,5),(243,'2022-02-17 08:16:24',1,5),(244,'2022-02-17 08:16:24',1,5),(245,'2022-02-17 08:16:29',1,5),(246,'2022-02-17 08:16:29',1,5),(247,'2022-02-17 08:16:35',1,5),(248,'2022-02-17 08:16:35',1,5),(249,'2022-02-17 08:16:40',1,5),(250,'2022-02-17 08:16:40',1,5),(251,'2022-02-17 08:16:43',1,5),(252,'2022-02-17 08:16:43',1,5),(253,'2022-02-17 08:16:45',1,5),(254,'2022-02-17 08:16:45',1,5),(255,'2022-02-17 08:16:53',2,16),(256,'2022-02-17 08:16:53',2,16),(257,'2022-02-17 08:17:16',1,5),(258,'2022-02-17 08:17:16',1,5),(259,'2022-02-17 08:17:31',1,5),(260,'2022-02-17 08:17:31',1,5),(261,'2022-02-17 08:17:36',1,5),(262,'2022-02-17 08:17:36',1,5),(263,'2022-02-17 08:18:12',6,5),(264,'2022-02-17 08:18:12',6,5),(265,'2022-02-17 08:18:22',2,5),(266,'2022-02-17 08:18:22',2,5),(267,'2022-02-17 08:18:38',2,5),(268,'2022-02-17 08:18:38',2,5),(269,'2022-02-17 08:18:46',2,5),(270,'2022-02-17 08:18:46',2,5),(271,'2022-02-17 08:38:23',6,5),(272,'2022-02-17 08:38:23',6,5),(273,'2022-02-17 08:48:05',6,6),(274,'2022-02-17 08:48:05',6,6),(275,'2022-02-17 08:54:12',6,5),(276,'2022-02-17 08:54:12',6,5),(277,'2022-02-17 08:54:18',6,5),(278,'2022-02-17 08:54:18',6,5),(279,'2022-02-17 09:01:22',6,5),(280,'2022-02-17 09:01:22',6,5),(281,'2022-02-17 09:10:45',1,6),(282,'2022-02-17 09:10:45',1,6),(283,'2022-02-17 09:10:51',5,6),(284,'2022-02-17 09:10:51',5,6),(285,'2022-02-17 09:10:53',5,6),(286,'2022-02-17 09:10:53',5,6),(287,'2022-02-17 09:13:37',5,6),(288,'2022-02-17 09:13:37',5,6),(289,'2022-02-17 09:13:51',5,6),(290,'2022-02-17 09:13:51',5,6),(291,'2022-02-17 09:14:35',4,4),(292,'2022-02-17 09:14:35',4,4),(293,'2022-02-17 09:15:47',4,4),(294,'2022-02-17 09:15:47',4,4),(295,'2022-02-17 09:20:27',4,4),(296,'2022-02-17 09:20:27',4,4),(297,'2022-02-17 09:40:17',5,3),(298,'2022-02-17 09:40:17',5,3),(299,'2022-02-17 09:42:17',5,3),(300,'2022-02-17 09:42:17',5,3),(301,'2022-02-17 09:42:22',5,3),(302,'2022-02-17 09:42:22',5,3),(303,'2022-02-17 10:21:33',4,6),(304,'2022-02-17 10:21:33',4,6),(305,'2022-02-17 10:57:25',6,6),(306,'2022-02-17 10:57:25',6,6),(307,'2022-02-17 13:05:20',1,8),(308,'2022-02-17 13:05:20',1,8),(309,'2022-02-17 13:28:32',5,29),(310,'2022-02-17 13:28:32',5,29),(311,'2022-02-17 13:28:32',5,30),(312,'2022-02-17 13:28:32',5,30),(313,'2022-02-17 13:28:52',5,29),(314,'2022-02-17 13:28:52',5,29),(315,'2022-02-17 13:28:56',5,30),(316,'2022-02-17 13:28:56',5,30),(317,'2022-02-17 13:29:24',5,29),(318,'2022-02-17 13:29:24',5,29),(319,'2022-02-17 14:10:30',1,6),(320,'2022-02-17 14:10:30',1,6),(321,'2022-02-17 14:12:20',1,6),(322,'2022-02-17 14:12:20',1,6),(323,'2022-02-17 14:37:18',1,6),(324,'2022-02-17 14:37:18',1,6),(325,'2022-02-17 15:39:12',5,8),(326,'2022-02-17 15:39:12',5,8),(327,'2022-02-17 15:47:56',2,16),(328,'2022-02-17 15:47:56',2,16),(329,'2022-02-17 15:57:43',2,16),(330,'2022-02-17 15:57:43',2,16),(331,'2022-02-17 16:10:48',1,8),(332,'2022-02-17 16:10:48',1,8),(333,'2022-02-17 16:11:04',1,8),(334,'2022-02-17 16:11:04',1,8),(335,'2022-02-17 16:11:12',5,8),(336,'2022-02-17 16:11:12',5,8),(337,'2022-02-17 16:42:58',5,8),(338,'2022-02-17 16:42:58',5,8),(339,'2022-02-17 16:48:49',5,8),(340,'2022-02-17 16:48:49',5,8),(341,'2022-02-17 16:54:16',5,8),(342,'2022-02-17 16:54:16',5,8),(343,'2022-02-17 17:01:18',5,8),(344,'2022-02-17 17:01:18',5,8),(345,'2022-02-17 17:06:51',5,8),(346,'2022-02-17 17:06:51',5,8),(347,'2022-02-17 17:07:35',5,8),(348,'2022-02-17 17:07:35',5,8);
/*!40000 ALTER TABLE `search_challenge` ENABLE KEYS */;
UNLOCK TABLES;

--
-- Table structure for table `subscription`
--

DROP TABLE IF EXISTS `subscription`;
/*!40101 SET @saved_cs_client     = @@character_set_client */;
/*!40101 SET character_set_client = utf8 */;
CREATE TABLE `subscription` (
  `subscription_no` int(11) NOT NULL AUTO_INCREMENT,
  `challenge_no` int(11) DEFAULT NULL,
  `user_no` int(11) DEFAULT NULL,
  PRIMARY KEY (`subscription_no`),
  KEY `FKplh7h2l6djewe7xnbdjtt0dd1` (`challenge_no`),
  KEY `FKtck8ocxya3nh7jbd0intp0usx` (`user_no`),
  CONSTRAINT `FKplh7h2l6djewe7xnbdjtt0dd1` FOREIGN KEY (`challenge_no`) REFERENCES `challenge` (`challenge_no`),
  CONSTRAINT `FKtck8ocxya3nh7jbd0intp0usx` FOREIGN KEY (`user_no`) REFERENCES `user` (`user_no`)
) ENGINE=InnoDB AUTO_INCREMENT=66 DEFAULT CHARSET=utf8mb3;
/*!40101 SET character_set_client = @saved_cs_client */;

--
-- Dumping data for table `subscription`
--

LOCK TABLES `subscription` WRITE;
/*!40000 ALTER TABLE `subscription` DISABLE KEYS */;
INSERT INTO `subscription` VALUES (13,3,5),(41,4,6),(50,2,4),(59,6,5),(60,4,4),(62,6,NULL),(63,6,NULL),(65,4,8);
/*!40000 ALTER TABLE `subscription` ENABLE KEYS */;
UNLOCK TABLES;

--
-- Table structure for table `tag`
--

DROP TABLE IF EXISTS `tag`;
/*!40101 SET @saved_cs_client     = @@character_set_client */;
/*!40101 SET character_set_client = utf8 */;
CREATE TABLE `tag` (
  `tag_no` int(11) NOT NULL AUTO_INCREMENT,
  `is_challenge` varchar(255) DEFAULT NULL,
  `tag_content` varchar(255) DEFAULT NULL,
  PRIMARY KEY (`tag_no`)
) ENGINE=InnoDB AUTO_INCREMENT=106 DEFAULT CHARSET=utf8mb3;
/*!40101 SET character_set_client = @saved_cs_client */;

--
-- Dumping data for table `tag`
--

LOCK TABLES `tag` WRITE;
/*!40000 ALTER TABLE `tag` DISABLE KEYS */;
INSERT INTO `tag` VALUES (1,'challenge','#요리_챌린지'),(2,NULL,'#배달_음식'),(3,NULL,'#레시피'),(4,NULL,'#자랑'),(5,NULL,'#요리'),(6,NULL,'#방콕요리사'),(7,NULL,'#떡볶이'),(8,NULL,'#맛있다'),(9,NULL,'#JMT'),(10,NULL,'#또_먹고싶다'),(11,'challenge','#야경사진_챌린지'),(12,NULL,'#마스터'),(13,NULL,'#야경'),(14,NULL,'#금손들'),(15,NULL,'#야경사진'),(16,NULL,'#사진'),(17,NULL,'#야경맛집'),(18,NULL,'#한강'),(19,NULL,'#너무_예뻐'),(20,NULL,'#브런치'),(21,NULL,'#팬케이크'),(22,'challenge','#미라클 모닝_챌린지'),(23,NULL,'#이른_아침'),(24,NULL,'#자기계발'),(25,NULL,'#미라클모닝'),(26,NULL,'#아침형인간'),(27,NULL,'#시간관리'),(28,NULL,'#미라클모닝이'),(29,NULL,'#새벽5시30분기상'),(30,NULL,'#피곤'),(31,NULL,'#쿠키'),(32,NULL,'#모양은_이래도_맛은_일품'),(33,NULL,'#여수'),(34,NULL,'#여수밤바다'),(35,'challenge','#천하제일 반려견 자랑_챌린지'),(36,NULL,'#우리집_강아지'),(37,NULL,'#당신의_반려견'),(38,NULL,'#강아지'),(39,NULL,'#강쥐'),(40,NULL,'#반려견'),(41,NULL,'#왕귀요미'),(42,NULL,'#푸들'),(43,NULL,'#화난거아님'),(44,NULL,'#애교쟁이'),(45,NULL,'#복1'),(46,NULL,'#복3'),(47,NULL,'#시골'),(48,NULL,'#똥강아지'),(49,NULL,'#가을이'),(50,NULL,'#주말에'),(51,NULL,'#일찍일어나다니'),(52,NULL,'#어렵다'),(53,NULL,'#아니고'),(54,NULL,'#저녁형인간'),(55,NULL,'#인천'),(56,NULL,'#송도'),(57,NULL,'#야경명소'),(58,NULL,'#센트럴파크'),(59,NULL,'#부산'),(60,NULL,'#광안리'),(61,NULL,'#5인분같은1인분'),(62,NULL,'#다이어트'),(63,NULL,'#건강'),(64,NULL,'#동기부여도'),(65,NULL,'#기분좋은하루'),(66,NULL,'#후추'),(67,NULL,'#위너'),(68,NULL,'#롯데타워'),(69,NULL,'#월드타워'),(70,NULL,'#집밥'),(71,NULL,'#소소하게'),(72,NULL,'#요리왕'),(73,'challenge','#용기내_챌린지'),(74,NULL,'#용기'),(75,NULL,'#환경'),(76,NULL,'#일회용품줄이기'),(77,NULL,'#용기내'),(78,NULL,'#공익'),(79,NULL,'#텀블러'),(80,NULL,'#별다방'),(81,NULL,'#거북이'),(82,NULL,'#보호'),(83,NULL,'#노플라스틱'),(84,NULL,'#마라탕'),(85,NULL,'#포장'),(86,NULL,'#환경지킴이'),(87,NULL,'#도전'),(88,NULL,'#환경을지키가'),(89,'challenge','#그림_챌린지'),(90,NULL,'#라이언'),(91,NULL,'#따라그리기'),(92,NULL,'#그림'),(93,NULL,'#대결'),(94,NULL,'#우승은나의것'),(95,NULL,'#야근'),(96,NULL,'#얼죽아'),(97,NULL,'#따아'),(103,'challenge','#jisu_챌린지'),(104,'challenge','#테스트_챌린지'),(105,NULL,'#그림왕');
/*!40000 ALTER TABLE `tag` ENABLE KEYS */;
UNLOCK TABLES;

--
-- Table structure for table `title`
--

DROP TABLE IF EXISTS `title`;
/*!40101 SET @saved_cs_client     = @@character_set_client */;
/*!40101 SET character_set_client = utf8 */;
CREATE TABLE `title` (
  `title_no` int(11) NOT NULL AUTO_INCREMENT,
  `title_name` varchar(255) DEFAULT NULL,
  `challenge_no` int(11) DEFAULT NULL,
  `user_no` int(11) DEFAULT NULL,
  PRIMARY KEY (`title_no`),
  KEY `FKsbliti0ldk42d51mhf3ioxv4g` (`challenge_no`),
  KEY `FK3xf50yglvrk47yilu2r48krwi` (`user_no`),
  CONSTRAINT `FK3xf50yglvrk47yilu2r48krwi` FOREIGN KEY (`user_no`) REFERENCES `user` (`user_no`),
  CONSTRAINT `FKsbliti0ldk42d51mhf3ioxv4g` FOREIGN KEY (`challenge_no`) REFERENCES `challenge` (`challenge_no`)
) ENGINE=InnoDB AUTO_INCREMENT=11 DEFAULT CHARSET=utf8mb3;
/*!40101 SET character_set_client = @saved_cs_client */;

--
-- Dumping data for table `title`
--

LOCK TABLES `title` WRITE;
/*!40000 ALTER TABLE `title` DISABLE KEYS */;
INSERT INTO `title` VALUES (1,'나는야 방콕요리사',1,NULL),(2,'야경 맛집 사장',2,NULL),(3,'일찍 일어나는',3,NULL),(4,'최강 귀요미 강쥐를 가진',4,NULL),(5,'환경을 생각하는',5,NULL),(6,'따라그리기 마스터',6,5);
/*!40000 ALTER TABLE `title` ENABLE KEYS */;
UNLOCK TABLES;

--
-- Table structure for table `user`
--

DROP TABLE IF EXISTS `user`;
/*!40101 SET @saved_cs_client     = @@character_set_client */;
/*!40101 SET character_set_client = utf8 */;
CREATE TABLE `user` (
  `user_no` int(11) NOT NULL AUTO_INCREMENT,
  `user_active` varchar(100) DEFAULT 'ACTIVE',
  `user_auth` varchar(100) DEFAULT 'USER',
  `user_email` varchar(255) NOT NULL,
  `user_inactivedate` datetime(6) DEFAULT NULL,
  `user_nickname` varchar(255) NOT NULL,
  `user_pwd` varchar(255) NOT NULL,
  `user_regdate` timestamp NOT NULL DEFAULT current_timestamp(),
  `user_title` varchar(50) DEFAULT '도전자',
  `file_no` int(11) DEFAULT NULL,
  PRIMARY KEY (`user_no`),
  UNIQUE KEY `email_nickname_unique` (`user_email`,`user_nickname`),
  KEY `FK2623cyfk9p1gya2w121gocseu` (`file_no`),
  CONSTRAINT `FK2623cyfk9p1gya2w121gocseu` FOREIGN KEY (`file_no`) REFERENCES `media` (`file_no`)
) ENGINE=InnoDB AUTO_INCREMENT=35 DEFAULT CHARSET=utf8mb3;
/*!40101 SET character_set_client = @saved_cs_client */;

--
-- Dumping data for table `user`
--

LOCK TABLES `user` WRITE;
/*!40000 ALTER TABLE `user` DISABLE KEYS */;
INSERT INTO `user` VALUES (1,'ACTIVE','ADMIN','admin@ssafy.com',NULL,'ADMIN','$2a$10$0yIS7kEt5MEG8M9lCu8WeuAvxmCg3s2rGc6LnS2OAwE951JG7fwxO','2022-02-16 14:58:42',NULL,NULL),(2,'ACTIVE','USER','test01@ssafy.com',NULL,'test','$2a$10$7KTj8D58p/VeFhrmbW/OMuGigyg9d4YADLfxubtsoaBnAGVMpIn3i','2022-02-16 14:58:43',NULL,NULL),(3,'ACTIVE','USER','mij@ssafy.com',NULL,'민주','$2a$10$mN9NUBQfrRTONNkwP9Rrf.sxsoNZpG.8.2gUVbYNZudlvUaGCpt4C','2022-02-16 14:59:29','도전자',2),(4,'ACTIVE','USER','w1@ssafy.com',NULL,'유진','$2a$10$fU6Qrc04MO148AreGPNyOesc.bp79gK7QXOKv.kv5D.jJi6l2glvS','2022-02-16 15:02:21','도전자',5),(5,'ACTIVE','USER','haeun@ssafy.com',NULL,'하은','$2a$10$sAHjlLW/5wgwm3r95IyXPOeVJkiI4X39V4kj.kUmx3bo6MpFguuvG','2022-02-16 15:05:52','따라그리기 마스터',9),(6,'ACTIVE','USER','kwak0568@naver.com',NULL,'현준','$2a$10$aOtZF3gxClhO2TreRdhpb.8nZQaq/cLeE6HMMEpclAaj22hrJw/ra','2022-02-16 15:11:12','도전자',11),(7,'ACTIVE','USER','kwon@ssafy.com',NULL,'오범','$2a$10$oGBF1sFD.xbXGiRuj2Nry.KieR9glsQYJygGBorP/LhAzZYqjXoXe','2022-02-16 15:14:54','도전자',14),(8,'ACTIVE','USER','hp001@ssafy.com',NULL,'혜준','$2a$10$4kvfr/gYdUvt06OgIWoPuOL5X8rMHHc2bsW6/lJGpeUY9pT.xnQsu','2022-02-16 15:23:14','도전자',65),(9,'ACTIVE','USER','green@ssafy.com',NULL,'환경지킴이','$2a$10$6oDqTctgZYXoUbvnkcG4sOn5tMNwmxg6oax9dzrPQ7yF1kvBl/13W','2022-02-16 17:19:58','도전자',NULL),(10,'ACTIVE','USER','w2@ssafy.com',NULL,'샆피','$2a$10$WWMy4s7UhPyi9TiocrK7iO/WOzhp.b/TArfSrd3c0qXaBc/0Wrkmq','2022-02-16 17:59:35','도전자',NULL),(11,'ACTIVE','USER','spongebob@ssafy.com',NULL,'공식인척','$2a$10$cbfbijPGfgpy8lZBCP/KqORevIVYvoOF4jK5YPXqkaU9.Eh83gPV6','2022-02-16 17:59:43','도전자',55),(12,'INACTIVE','USER','mj@ssafy.com',NULL,'귀여미','$2a$10$Y1Ft2K5uhlKyzyzkfzKX/OqCSIBHn6eW7nfFw3HPQj9Bs7wAyFlCm','2022-02-16 17:59:50','도전자',47),(13,'ACTIVE','USER','w3@ssafy.com',NULL,'졸려','$2a$10$O7eOWcUuKptAhAXWbG5/Pu1fwWcZ6QF95jUPb/o8Grk92o1cVW2Ce','2022-02-16 18:01:06','도전자',50),(14,'ACTIVE','USER','pingping@ssafy.com',NULL,'여백의미','$2a$10$/Jqm5tOUaC79UNZyTq1VSuX5ChaaW8jG8pDtdV618stmUbNJ1tZ4C','2022-02-16 18:01:52','도전자',56),(15,'ACTIVE','USER','w4@ssafy.com',NULL,'쫀디기','$2a$10$clAusTiiyT6/SEXUAh.G0ebuMfEmwF8JvEtYMOotMW/dmAgKujS7K','2022-02-16 18:02:08','도전자',51),(16,'ACTIVE','USER','w5@ssafy.com',NULL,'새벽세시','$2a$10$AOwD/ouaHjJjgbkBUvbiCOsz5F3JfavvMPjrdBCDbN.105VHoAiu2','2022-02-16 18:03:40','도전자',NULL),(17,'ACTIVE','USER','mm@ssafy.com',NULL,'행인1','$2a$10$JaLt.IwsE6lZUKuUoAB87ehYf14LmxhshWCiJM1zu42rYpZEH5j3e','2022-02-16 18:05:06','도전자',NULL),(18,'ACTIVE','USER','jingjing@ssafy.com',NULL,'부엉','$2a$10$tvuaASdO0.PtN0AJpmZSv.DVKzgXxdqe1oVpI5L2FzexltuA41G66','2022-02-16 18:06:47','도전자',57),(19,'ACTIVE','USER','daram@ssafy.com',NULL,'나는새다','$2a$10$m0J/riKFqaLrd.CC9UOEpuYh27Lu4ApqWU2FqXEI.J5jqfUCEjWDa','2022-02-16 18:09:09','도전자',63),(20,'ACTIVE','USER','ddoong@ssafy.com',NULL,'예쁜꽃','$2a$10$/gGRe3Kr.fyUCVHkh361feBZYqz74AIfya2QOPsUP53pkbP5A47xC','2022-02-16 18:20:55','도전자',58),(21,'ACTIVE','USER','test@test.com',NULL,'김도전','$2a$10$gb2/PeH.3ZxTSsGqM658GuhnWl.P3xF/jK3X31wKCcYhotZZ6KfIO','2022-02-16 23:55:17','도전자',54),(25,'ACTIVE','USER','test',NULL,'김실험','$2a$10$u0FLXj9G6uz39hLhTiAfLOJejp02WKNjtLmXXbHEFvxy9pfp99rlS','2022-02-16 23:56:10','도전자',NULL),(26,'ACTIVE','USER','w6@ssafy.com',NULL,'아하','$2a$10$5MvjANEU/rBCbQx1QoK1WOt.hyzfToEMrWvCttK1xnbPHHEIZxbnm','2022-02-17 01:19:35','도전자',NULL),(27,'ACTIVE','USER','jisu@jisu.com',NULL,'jisu','$2a$10$2NwkiqfkEQHI38hFcJbdOON9ZgWRs7hbt6twxsIRqrE67XhIOZxfi','2022-02-17 04:22:17','도전자',NULL),(28,'ACTIVE','USER','a@a.com',NULL,'aa','$2a$10$4URS9/y7HJX8Tg0Y5FzdSu7naU1EM5gD4bD9oNgm6NFKFud0DHTXa','2022-02-17 04:34:31','도전자',NULL),(29,'ACTIVE','USER','hello@ssafy.com',NULL,'hello','$2a$10$wyoCNgR8jz7PCEjRxB8xiuIABrEyOS/GA4s7OE2Pxq2IoYXWku9By','2022-02-17 13:24:16','도전자',NULL),(30,'ACTIVE','USER','w7@ssafy.com',NULL,'안녕','$2a$10$RhIO7A7O6uwn60lyD90Y9utBg/nlb2v1yRQYoHTaMP.0pO0O4PI/G','2022-02-17 13:24:18','도전자',NULL),(31,'ACTIVE','USER','mij2@ssafy.com',NULL,'깜찍이','$2a$10$hwVkOLT6x5w47cUOG0geMuHTsNg4tHsE3G9VV4Ma/5eP71VIoQU5W','2022-02-17 14:05:01','도전자',NULL),(32,'ACTIVE','USER','presentation@ssafy.com',NULL,'아자아자','$2a$10$HB8knl.usP6TGYkoeEC8Z.LmeuP.VGWQObugBrJQikxp5spadje8C','2022-02-17 14:49:10','도전자',NULL),(33,'ACTIVE','USER','a@ssafy.com',NULL,'aajklj','$2a$10$8tVqpU/SZyeJXq8yvanrGuOrS5P0s4LqKLD7dFWBEtT.oY/0rQvDG','2022-02-17 15:10:31','도전자',NULL),(34,'ACTIVE','USER','aa@a.com',NULL,'aaaaa','$2a$10$zHnDeBPG2CWrdmQc4nMrROII/dEYd/Bi7CzPVDmkki8iwLdnGEMae','2022-02-17 15:58:40','도전자',NULL);
/*!40000 ALTER TABLE `user` ENABLE KEYS */;
UNLOCK TABLES;
/*!40103 SET TIME_ZONE=@OLD_TIME_ZONE */;

/*!40101 SET SQL_MODE=@OLD_SQL_MODE */;
/*!40014 SET FOREIGN_KEY_CHECKS=@OLD_FOREIGN_KEY_CHECKS */;
/*!40014 SET UNIQUE_CHECKS=@OLD_UNIQUE_CHECKS */;
/*!40101 SET CHARACTER_SET_CLIENT=@OLD_CHARACTER_SET_CLIENT */;
/*!40101 SET CHARACTER_SET_RESULTS=@OLD_CHARACTER_SET_RESULTS */;
/*!40101 SET COLLATION_CONNECTION=@OLD_COLLATION_CONNECTION */;
/*!40111 SET SQL_NOTES=@OLD_SQL_NOTES */;

-- Dump completed on 2022-02-17 17:18:59
